switch_name,interface,vlan_id,speed_mbps,status,description
SW-CORE-1,TenGigabitEthernet1/0/1,120,10000,connected,PATCH-424
SW-CORE-1,TenGigabitEthernet1/0/2,130,10000,connected,PATCH-274
SW-CORE-1,TenGigabitEthernet1/0/3,999,10000,connected,PATCH-555
SW-CORE-1,TenGigabitEthernet1/0/4,20,10000,connected,PATCH-286
SW-CORE-1,TenGigabitEthernet1/0/5,30,10000,connected,PATCH-961
SW-CORE-1,TenGigabitEthernet1/0/6,30,10000,connected,PATCH-137
SW-CORE-1,TenGigabitEthernet1/0/7,110,10000,connected,PATCH-194
SW-CORE-1,TenGigabitEthernet1/0/8,120,10000,down,PATCH-710
SW-CORE-1,TenGigabitEthernet1/0/9,120,10000,connected,PATCH-347
SW-CORE-1,TenGigabitEthernet1/0/10,20,10000,connected,PATCH-22
SW-CORE-1,TenGigabitEthernet1/0/11,100,10000,connected,PATCH-192
SW-CORE-1,TenGigabitEthernet1/0/12,110,10000,connected,PATCH-324
SW-CORE-1,TenGigabitEthernet1/0/13,130,10000,connected,PATCH-990
SW-CORE-1,TenGigabitEthernet1/0/14,100,10000,connected,PATCH-542
SW-CORE-1,TenGigabitEthernet1/0/15,100,10000,connected,PATCH-69
SW-CORE-1,TenGigabitEthernet1/0/16,999,10000,connected,PATCH-1000
SW-CORE-1,TenGigabitEthernet1/0/17,130,10000,down,PATCH-822
SW-CORE-1,TenGigabitEthernet1/0/18,120,10000,connected,PATCH-479
SW-CORE-1,TenGigabitEthernet1/0/19,130,10000,connected,PATCH-810
SW-CORE-1,TenGigabitEthernet1/0/20,10,10000,down,PATCH-107
SW-CORE-1,TenGigabitEthernet1/0/21,130,10000,connected,PATCH-685
SW-CORE-1,TenGigabitEthernet1/0/22,200,10000,connected,PATCH-391
SW-CORE-1,TenGigabitEthernet1/0/23,120,10000,connected,PATCH-972
SW-CORE-1,TenGigabitEthernet1/0/24,200,10000,error,Auto negotiation failed
SW-CORE-1,TenGigabitEthernet1/0/25,30,10000,connected,PATCH-807
SW-CORE-1,TenGigabitEthernet1/0/26,999,10000,connected,PATCH-99
SW-CORE-1,TenGigabitEthernet1/0/27,20,10000,connected,PATCH-144
SW-CORE-1,TenGigabitEthernet1/0/28,30,10000,connected,PATCH-661
SW-CORE-1,TenGigabitEthernet1/0/29,10,10000,connected,PATCH-980
SW-CORE-1,TenGigabitEthernet1/0/30,100,10000,connected,PATCH-92
SW-CORE-1,TenGigabitEthernet1/0/31,100,10000,connected,PATCH-132
SW-CORE-1,TenGigabitEthernet1/0/32,130,10000,connected,PATCH-664
SW-CORE-1,TenGigabitEthernet1/0/33,20,10000,down,PATCH-350
SW-CORE-1,TenGigabitEthernet1/0/34,10,10000,connected,PATCH-147
SW-CORE-1,TenGigabitEthernet1/0/35,100,10000,connected,PATCH-911
SW-CORE-1,TenGigabitEthernet1/0/36,130,10000,connected,PATCH-899
SW-CORE-1,TenGigabitEthernet1/0/37,120,10000,connected,PATCH-324
SW-CORE-1,TenGigabitEthernet1/0/38,20,10000,connected,PATCH-471
SW-CORE-1,TenGigabitEthernet1/0/39,200,10000,connected,PATCH-261
SW-CORE-1,TenGigabitEthernet1/0/40,130,10000,connected,PATCH-496
SW-CORE-1,TenGigabitEthernet1/0/41,120,10000,connected,PATCH-857
SW-CORE-1,TenGigabitEthernet1/0/42,120,10000,connected,PATCH-493
SW-CORE-1,TenGigabitEthernet1/0/43,130,10000,connected,PATCH-611
SW-CORE-1,TenGigabitEthernet1/0/44,30,10000,connected,PATCH-773
SW-CORE-1,TenGigabitEthernet1/0/45,130,10000,connected,PATCH-828
SW-CORE-1,TenGigabitEthernet1/0/46,999,10000,connected,PATCH-801
SW-CORE-1,TenGigabitEthernet1/0/47,10,10000,connected,PATCH-996
SW-CORE-1,TenGigabitEthernet1/0/48,130,10000,connected,PATCH-595
SW-CORE-1,FortyGigabitEthernet1/0/1,120,40000,connected,PATCH-288
SW-CORE-1,FortyGigabitEthernet1/0/2,200,40000,connected,PATCH-681
SW-CORE-1,FortyGigabitEthernet1/0/3,10,40000,connected,PATCH-203
SW-CORE-1,FortyGigabitEthernet1/0/4,100,40000,connected,PATCH-427
SW-CORE-1,FortyGigabitEthernet1/0/5,20,40000,connected,PATCH-557
SW-CORE-1,FortyGigabitEthernet1/0/6,999,40000,connected,PATCH-630
SW-CORE-1,FortyGigabitEthernet1/0/7,10,40000,connected,PATCH-198
SW-CORE-1,FortyGigabitEthernet1/0/8,30,40000,connected,PATCH-112
SW-CORE-2,TenGigabitEthernet1/0/1,30,10000,down,PATCH-903
SW-CORE-2,TenGigabitEthernet1/0/2,130,10000,down,PATCH-950
SW-CORE-2,TenGigabitEthernet1/0/3,10,10000,connected,PATCH-682
SW-CORE-2,TenGigabitEthernet1/0/4,120,10000,connected,PATCH-862
SW-CORE-2,TenGigabitEthernet1/0/5,10,10000,connected,
SW-CORE-2,TenGigabitEthernet1/0/6,100,10000,connected,PATCH-273
SW-CORE-2,TenGigabitEthernet1/0/7,999,10000,down,PATCH-11
SW-CORE-2,TenGigabitEthernet1/0/8,999,10000,connected,PATCH-219
SW-CORE-2,TenGigabitEthernet1/0/9,999,10000,connected,PATCH-644
SW-CORE-2,TenGigabitEthernet1/0/10,30,10000,down,PATCH-459
SW-CORE-2,TenGigabitEthernet1/0/11,120,10000,connected,PATCH-555
SW-CORE-2,TenGigabitEthernet1/0/12,200,10000,connected,
SW-CORE-2,TenGigabitEthernet1/0/13,10,10000,connected,PATCH-767
SW-CORE-2,TenGigabitEthernet1/0/14,20,10000,error,Auto negotiation failed
SW-CORE-2,TenGigabitEthernet1/0/15,999,10000,down,PATCH-335
SW-CORE-2,TenGigabitEthernet1/0/16,120,10000,connected,PATCH-391
SW-CORE-2,TenGigabitEthernet1/0/17,100,10000,connected,PATCH-568
SW-CORE-2,TenGigabitEthernet1/0/18,110,10000,connected,PATCH-675
SW-CORE-2,TenGigabitEthernet1/0/19,100,10000,connected,PATCH-439
SW-CORE-2,TenGigabitEthernet1/0/20,30,10000,connected,PATCH-847
SW-CORE-2,TenGigabitEthernet1/0/21,10,10000,connected,PATCH-651
SW-CORE-2,TenGigabitEthernet1/0/22,100,10000,connected,PATCH-842
SW-CORE-2,TenGigabitEthernet1/0/23,110,10000,down,PATCH-423
SW-CORE-2,TenGigabitEthernet1/0/24,20,10000,connected,PATCH-904
SW-CORE-2,TenGigabitEthernet1/0/25,110,10000,connected,PATCH-692
SW-CORE-2,TenGigabitEthernet1/0/26,20,10000,connected,PATCH-134
SW-CORE-2,TenGigabitEthernet1/0/27,120,10000,connected,PATCH-251
SW-CORE-2,TenGigabitEthernet1/0/28,999,10000,connected,PATCH-741
SW-CORE-2,TenGigabitEthernet1/0/29,999,10000,connected,PATCH-849
SW-CORE-2,TenGigabitEthernet1/0/30,200,10000,connected,PATCH-337
SW-CORE-2,TenGigabitEthernet1/0/31,100,10000,error,Connection error
SW-CORE-2,TenGigabitEthernet1/0/32,10,10000,connected,PATCH-249
SW-CORE-2,TenGigabitEthernet1/0/33,20,10000,connected,PATCH-863
SW-CORE-2,TenGigabitEthernet1/0/34,30,10000,error,Connection error
SW-CORE-2,TenGigabitEthernet1/0/35,120,10000,connected,PATCH-530
SW-CORE-2,TenGigabitEthernet1/0/36,200,10000,connected,PATCH-449
SW-CORE-2,TenGigabitEthernet1/0/37,20,10000,connected,PATCH-860
SW-CORE-2,TenGigabitEthernet1/0/38,120,10000,connected,PATCH-77
SW-CORE-2,TenGigabitEthernet1/0/39,30,10000,error,Auto negotiation failed
SW-CORE-2,TenGigabitEthernet1/0/40,100,10000,connected,
SW-CORE-2,TenGigabitEthernet1/0/41,200,10000,down,PATCH-350
SW-CORE-2,TenGigabitEthernet1/0/42,120,10000,connected,PATCH-361
SW-CORE-2,TenGigabitEthernet1/0/43,30,10000,connected,PATCH-303
SW-CORE-2,TenGigabitEthernet1/0/44,100,10000,connected,PATCH-74
SW-CORE-2,TenGigabitEthernet1/0/45,130,10000,connected,PATCH-260
SW-CORE-2,TenGigabitEthernet1/0/46,20,10000,connected,PATCH-595
SW-CORE-2,TenGigabitEthernet1/0/47,20,10000,connected,PATCH-289
SW-CORE-2,TenGigabitEthernet1/0/48,999,10000,connected,PATCH-913
SW-CORE-2,FortyGigabitEthernet1/0/1,110,40000,connected,PATCH-608
SW-CORE-2,FortyGigabitEthernet1/0/2,200,40000,error,Auto negotiation failed
SW-CORE-2,FortyGigabitEthernet1/0/3,10,40000,connected,PATCH-68
SW-CORE-2,FortyGigabitEthernet1/0/4,120,40000,connected,PATCH-485
SW-CORE-2,FortyGigabitEthernet1/0/5,120,40000,connected,PATCH-379
SW-CORE-2,FortyGigabitEthernet1/0/6,110,40000,down,PATCH-768
SW-CORE-2,FortyGigabitEthernet1/0/7,130,40000,connected,PATCH-507
SW-CORE-2,FortyGigabitEthernet1/0/8,110,40000,down,PATCH-820
SW-DIST-1,GigabitEthernet1/0/1,30,1000,connected,PATCH-92
SW-DIST-1,GigabitEthernet1/0/2,130,1000,connected,PATCH-526
SW-DIST-1,GigabitEthernet1/0/3,110,1000,connected,PATCH-739
SW-DIST-1,GigabitEthernet1/0/4,999,1000,down,PATCH-20
SW-DIST-1,GigabitEthernet1/0/5,100,1000,connected,PATCH-331
SW-DIST-1,GigabitEthernet1/0/6,10,1000,error,Wire continuity error
SW-DIST-1,GigabitEthernet1/0/7,100,1000,connected,PATCH-973
SW-DIST-1,GigabitEthernet1/0/8,999,1000,connected,PATCH-2
SW-DIST-1,GigabitEthernet1/0/9,200,1000,connected,PATCH-582
SW-DIST-1,GigabitEthernet1/0/10,999,1000,connected,PATCH-605
SW-DIST-1,GigabitEthernet1/0/11,200,1000,connected,PATCH-944
SW-DIST-1,GigabitEthernet1/0/12,999,1000,connected,PATCH-449
SW-DIST-1,GigabitEthernet1/0/13,130,1000,connected,PATCH-175
SW-DIST-1,GigabitEthernet1/0/14,999,1000,connected,PATCH-507
SW-DIST-1,GigabitEthernet1/0/15,100,1000,connected,PATCH-587
SW-DIST-1,GigabitEthernet1/0/16,200,1000,down,PATCH-393
SW-DIST-1,GigabitEthernet1/0/17,20,1000,connected,
SW-DIST-1,GigabitEthernet1/0/18,110,1000,connected,PATCH-977
SW-DIST-1,GigabitEthernet1/0/19,110,1000,connected,PATCH-113
SW-DIST-1,GigabitEthernet1/0/20,30,1000,connected,
SW-DIST-1,GigabitEthernet1/0/21,130,1000,connected,PATCH-131
SW-DIST-1,GigabitEthernet1/0/22,999,1000,connected,PATCH-79
SW-DIST-1,GigabitEthernet1/0/23,120,1000,connected,PATCH-293
SW-DIST-1,GigabitEthernet1/0/24,10,1000,connected,PATCH-945
SW-DIST-1,GigabitEthernet1/0/25,130,1000,connected,PATCH-281
SW-DIST-1,GigabitEthernet1/0/26,100,1000,connected,PATCH-599
SW-DIST-1,GigabitEthernet1/0/27,999,1000,connected,PATCH-969
SW-DIST-1,GigabitEthernet1/0/28,100,1000,connected,PATCH-164
SW-DIST-1,GigabitEthernet1/0/29,200,1000,down,PATCH-6
SW-DIST-1,GigabitEthernet1/0/30,20,1000,down,PATCH-517
SW-DIST-1,GigabitEthernet1/0/31,120,1000,connected,PATCH-150
SW-DIST-1,GigabitEthernet1/0/32,110,1000,connected,PATCH-374
SW-DIST-1,GigabitEthernet1/0/33,30,1000,down,PATCH-5
SW-DIST-1,GigabitEthernet1/0/34,20,1000,error,Wire continuity error
SW-DIST-1,GigabitEthernet1/0/35,130,1000,connected,PATCH-79
SW-DIST-1,GigabitEthernet1/0/36,120,1000,down,PATCH-585
SW-DIST-1,GigabitEthernet1/0/37,110,1000,error,Connection error
SW-DIST-1,GigabitEthernet1/0/38,110,1000,connected,PATCH-543
SW-DIST-1,GigabitEthernet1/0/39,110,1000,connected,PATCH-357
SW-DIST-1,GigabitEthernet1/0/40,110,1000,error,Connection error
SW-DIST-1,GigabitEthernet1/0/41,999,1000,connected,PATCH-89
SW-DIST-1,GigabitEthernet1/0/42,100,1000,connected,PATCH-167
SW-DIST-1,GigabitEthernet1/0/43,30,1000,connected,PATCH-67
SW-DIST-1,GigabitEthernet1/0/44,999,1000,connected,PATCH-467
SW-DIST-1,GigabitEthernet1/0/45,20,1000,connected,PATCH-21
SW-DIST-1,GigabitEthernet1/0/46,200,1000,error,Wire continuity error
SW-DIST-1,GigabitEthernet1/0/47,30,1000,down,PATCH-723
SW-DIST-1,GigabitEthernet1/0/48,120,1000,connected,PATCH-281
SW-DIST-1,TenGigabitEthernet1/0/1,10,10000,connected,PATCH-577
SW-DIST-1,TenGigabitEthernet1/0/2,120,10000,connected,PATCH-386
SW-DIST-1,TenGigabitEthernet1/0/3,20,10000,connected,PATCH-572
SW-DIST-1,TenGigabitEthernet1/0/4,200,10000,connected,PATCH-714
SW-DIST-2,GigabitEthernet1/0/1,130,1000,connected,PATCH-200
SW-DIST-2,GigabitEthernet1/0/2,110,1000,connected,PATCH-841
SW-DIST-2,GigabitEthernet1/0/3,130,1000,connected,PATCH-342
SW-DIST-2,GigabitEthernet1/0/4,110,1000,connected,PATCH-110
SW-DIST-2,GigabitEthernet1/0/5,999,1000,connected,PATCH-67
SW-DIST-2,GigabitEthernet1/0/6,120,1000,connected,PATCH-327
SW-DIST-2,GigabitEthernet1/0/7,110,1000,error,Wire continuity error
SW-DIST-2,GigabitEthernet1/0/8,20,1000,connected,PATCH-802
SW-DIST-2,GigabitEthernet1/0/9,200,1000,down,PATCH-98
SW-DIST-2,GigabitEthernet1/0/10,110,1000,connected,PATCH-26
SW-DIST-2,GigabitEthernet1/0/11,130,1000,connected,PATCH-893
SW-DIST-2,GigabitEthernet1/0/12,10,1000,connected,PATCH-864
SW-DIST-2,GigabitEthernet1/0/13,110,1000,connected,
SW-DIST-2,GigabitEthernet1/0/14,30,1000,down,PATCH-546
SW-DIST-2,GigabitEthernet1/0/15,30,1000,down,PATCH-310
SW-DIST-2,GigabitEthernet1/0/16,10,1000,down,PATCH-947
SW-DIST-2,GigabitEthernet1/0/17,100,1000,connected,PATCH-224
SW-DIST-2,GigabitEthernet1/0/18,120,1000,connected,PATCH-592
SW-DIST-2,GigabitEthernet1/0/19,10,1000,connected,PATCH-329
SW-DIST-2,GigabitEthernet1/0/20,110,1000,down,PATCH-652
SW-DIST-2,GigabitEthernet1/0/21,20,1000,connected,PATCH-100
SW-DIST-2,GigabitEthernet1/0/22,20,1000,connected,PATCH-564
SW-DIST-2,GigabitEthernet1/0/23,10,1000,connected,PATCH-487
SW-DIST-2,GigabitEthernet1/0/24,30,1000,down,PATCH-457
SW-DIST-2,GigabitEthernet1/0/25,100,1000,down,PATCH-765
SW-DIST-2,GigabitEthernet1/0/26,20,1000,connected,PATCH-390
SW-DIST-2,GigabitEthernet1/0/27,30,1000,connected,PATCH-711
SW-DIST-2,GigabitEthernet1/0/28,110,1000,error,Wire continuity error
SW-DIST-2,GigabitEthernet1/0/29,100,1000,connected,PATCH-876
SW-DIST-2,GigabitEthernet1/0/30,100,1000,down,PATCH-276
SW-DIST-2,GigabitEthernet1/0/31,20,1000,connected,PATCH-138
SW-DIST-2,GigabitEthernet1/0/32,100,1000,connected,PATCH-403
SW-DIST-2,GigabitEthernet1/0/33,120,1000,error,Connection error
SW-DIST-2,GigabitEthernet1/0/34,200,1000,connected,
SW-DIST-2,GigabitEthernet1/0/35,200,1000,connected,PATCH-445
SW-DIST-2,GigabitEthernet1/0/36,130,1000,down,PATCH-850
SW-DIST-2,GigabitEthernet1/0/37,130,1000,connected,PATCH-637
SW-DIST-2,GigabitEthernet1/0/38,120,1000,down,PATCH-169
SW-DIST-2,GigabitEthernet1/0/39,200,1000,connected,PATCH-623
SW-DIST-2,GigabitEthernet1/0/40,120,1000,connected,PATCH-892
SW-DIST-2,GigabitEthernet1/0/41,100,1000,error,Connection error
SW-DIST-2,GigabitEthernet1/0/42,100,1000,connected,PATCH-486
SW-DIST-2,GigabitEthernet1/0/43,999,1000,down,PATCH-624
SW-DIST-2,GigabitEthernet1/0/44,100,1000,connected,PATCH-275
SW-DIST-2,GigabitEthernet1/0/45,999,1000,connected,PATCH-932
SW-DIST-2,GigabitEthernet1/0/46,20,1000,connected,PATCH-564
SW-DIST-2,GigabitEthernet1/0/47,30,1000,connected,PATCH-574
SW-DIST-2,GigabitEthernet1/0/48,120,1000,connected,PATCH-679
SW-DIST-2,TenGigabitEthernet1/0/1,30,10000,down,PATCH-956
SW-DIST-2,TenGigabitEthernet1/0/2,20,10000,error,Connection error
SW-DIST-2,TenGigabitEthernet1/0/3,30,10000,connected,PATCH-557
SW-DIST-2,TenGigabitEthernet1/0/4,30,10000,connected,PATCH-403
SW-DIST-3,GigabitEthernet1/0/1,130,1000,connected,PATCH-857
SW-DIST-3,GigabitEthernet1/0/2,120,1000,connected,PATCH-919
SW-DIST-3,GigabitEthernet1/0/3,20,1000,connected,PATCH-153
SW-DIST-3,GigabitEthernet1/0/4,110,1000,down,PATCH-416
SW-DIST-3,GigabitEthernet1/0/5,30,1000,connected,PATCH-2
SW-DIST-3,GigabitEthernet1/0/6,10,1000,error,Wire continuity error
SW-DIST-3,GigabitEthernet1/0/7,200,1000,connected,PATCH-664
SW-DIST-3,GigabitEthernet1/0/8,10,1000,down,PATCH-653
SW-DIST-3,GigabitEthernet1/0/9,120,1000,connected,PATCH-749
SW-DIST-3,GigabitEthernet1/0/10,100,1000,connected,PATCH-434
SW-DIST-3,GigabitEthernet1/0/11,120,1000,connected,
SW-DIST-3,GigabitEthernet1/0/12,999,1000,connected,PATCH-913
SW-DIST-3,GigabitEthernet1/0/13,30,1000,connected,PATCH-929
SW-DIST-3,GigabitEthernet1/0/14,110,1000,connected,PATCH-642
SW-DIST-3,GigabitEthernet1/0/15,130,1000,connected,PATCH-454
SW-DIST-3,GigabitEthernet1/0/16,20,1000,error,Auto negotiation failed
SW-DIST-3,GigabitEthernet1/0/17,20,1000,connected,PATCH-161
SW-DIST-3,GigabitEthernet1/0/18,110,1000,down,PATCH-359
SW-DIST-3,GigabitEthernet1/0/19,130,1000,connected,PATCH-992
SW-DIST-3,GigabitEthernet1/0/20,130,1000,connected,PATCH-402
SW-DIST-3,GigabitEthernet1/0/21,20,1000,error,Connection error
SW-DIST-3,GigabitEthernet1/0/22,200,1000,connected,PATCH-441
SW-DIST-3,GigabitEthernet1/0/23,130,1000,connected,PATCH-614
SW-DIST-3,GigabitEthernet1/0/24,200,1000,connected,PATCH-529
SW-DIST-3,GigabitEthernet1/0/25,999,1000,connected,PATCH-185
SW-DIST-3,GigabitEthernet1/0/26,999,1000,connected,PATCH-283
SW-DIST-3,GigabitEthernet1/0/27,100,1000,down,
SW-DIST-3,GigabitEthernet1/0/28,120,1000,connected,PATCH-440
SW-DIST-3,GigabitEthernet1/0/29,120,1000,connected,PATCH-150
SW-DIST-3,GigabitEthernet1/0/30,100,1000,down,PATCH-996
SW-DIST-3,GigabitEthernet1/0/31,130,1000,connected,PATCH-445
SW-DIST-3,GigabitEthernet1/0/32,30,1000,connected,PATCH-46
SW-DIST-3,GigabitEthernet1/0/33,10,1000,connected,
SW-DIST-3,GigabitEthernet1/0/34,20,1000,error,Auto negotiation failed
SW-DIST-3,GigabitEthernet1/0/35,30,1000,connected,PATCH-226
SW-DIST-3,GigabitEthernet1/0/36,200,1000,connected,PATCH-895
SW-DIST-3,GigabitEthernet1/0/37,999,1000,connected,PATCH-445
SW-DIST-3,GigabitEthernet1/0/38,10,1000,connected,PATCH-438
SW-DIST-3,GigabitEthernet1/0/39,120,1000,connected,PATCH-877
SW-DIST-3,GigabitEthernet1/0/40,110,1000,connected,PATCH-58
SW-DIST-3,GigabitEthernet1/0/41,30,1000,error,Auto negotiation failed
SW-DIST-3,GigabitEthernet1/0/42,110,1000,connected,PATCH-504
SW-DIST-3,GigabitEthernet1/0/43,20,1000,connected,PATCH-798
SW-DIST-3,GigabitEthernet1/0/44,110,1000,connected,PATCH-753
SW-DIST-3,GigabitEthernet1/0/45,100,1000,connected,PATCH-751
SW-DIST-3,GigabitEthernet1/0/46,120,1000,connected,PATCH-650
SW-DIST-3,GigabitEthernet1/0/47,20,1000,connected,PATCH-203
SW-DIST-3,GigabitEthernet1/0/48,100,1000,connected,PATCH-584
SW-DIST-3,TenGigabitEthernet1/0/1,30,10000,connected,PATCH-138
SW-DIST-3,TenGigabitEthernet1/0/2,120,10000,connected,PATCH-908
SW-DIST-3,TenGigabitEthernet1/0/3,120,10000,connected,PATCH-52
SW-DIST-3,TenGigabitEthernet1/0/4,120,10000,connected,PATCH-557
SW-DIST-4,GigabitEthernet1/0/1,100,1000,connected,PATCH-895
SW-DIST-4,GigabitEthernet1/0/2,120,1000,connected,PATCH-981
SW-DIST-4,GigabitEthernet1/0/3,110,1000,error,Auto negotiation failed
SW-DIST-4,GigabitEthernet1/0/4,999,1000,connected,PATCH-523
SW-DIST-4,GigabitEthernet1/0/5,30,1000,down,PATCH-119
SW-DIST-4,GigabitEthernet1/0/6,20,1000,connected,PATCH-528
SW-DIST-4,GigabitEthernet1/0/7,30,1000,connected,PATCH-793
SW-DIST-4,GigabitEthernet1/0/8,110,1000,connected,PATCH-390
SW-DIST-4,GigabitEthernet1/0/9,110,1000,connected,PATCH-599
SW-DIST-4,GigabitEthernet1/0/10,200,1000,connected,PATCH-803
SW-DIST-4,GigabitEthernet1/0/11,120,1000,error,Wire continuity error
SW-DIST-4,GigabitEthernet1/0/12,120,1000,error,Auto negotiation failed
SW-DIST-4,GigabitEthernet1/0/13,20,1000,error,Auto negotiation failed
SW-DIST-4,GigabitEthernet1/0/14,100,1000,connected,PATCH-983
SW-DIST-4,GigabitEthernet1/0/15,200,1000,connected,PATCH-813
SW-DIST-4,GigabitEthernet1/0/16,100,1000,connected,PATCH-947
SW-DIST-4,GigabitEthernet1/0/17,200,1000,connected,PATCH-440
SW-DIST-4,GigabitEthernet1/0/18,100,1000,connected,PATCH-19
SW-DIST-4,GigabitEthernet1/0/19,10,1000,connected,PATCH-754
SW-DIST-4,GigabitEthernet1/0/20,30,1000,connected,PATCH-549
SW-DIST-4,GigabitEthernet1/0/21,110,1000,connected,PATCH-896
SW-DIST-4,GigabitEthernet1/0/22,130,1000,connected,PATCH-16
SW-DIST-4,GigabitEthernet1/0/23,10,1000,connected,PATCH-600
SW-DIST-4,GigabitEthernet1/0/24,120,1000,connected,
SW-DIST-4,GigabitEthernet1/0/25,10,1000,error,Wire continuity error
SW-DIST-4,GigabitEthernet1/0/26,999,1000,connected,PATCH-563
SW-DIST-4,GigabitEthernet1/0/27,120,1000,connected,PATCH-571
SW-DIST-4,GigabitEthernet1/0/28,130,1000,connected,PATCH-74
SW-DIST-4,GigabitEthernet1/0/29,110,1000,connected,PATCH-677
SW-DIST-4,GigabitEthernet1/0/30,999,1000,connected,PATCH-401
SW-DIST-4,GigabitEthernet1/0/31,100,1000,connected,PATCH-309
SW-DIST-4,GigabitEthernet1/0/32,120,1000,connected,PATCH-1
SW-DIST-4,GigabitEthernet1/0/33,20,1000,connected,PATCH-198
SW-DIST-4,GigabitEthernet1/0/34,100,1000,down,PATCH-604
SW-DIST-4,GigabitEthernet1/0/35,110,1000,connected,PATCH-876
SW-DIST-4,GigabitEthernet1/0/36,999,1000,connected,PATCH-602
SW-DIST-4,GigabitEthernet1/0/37,130,1000,down,PATCH-436
SW-DIST-4,GigabitEthernet1/0/38,100,1000,connected,PATCH-524
SW-DIST-4,GigabitEthernet1/0/39,100,1000,connected,PATCH-315
SW-DIST-4,GigabitEthernet1/0/40,10,1000,down,PATCH-625
SW-DIST-4,GigabitEthernet1/0/41,130,1000,connected,PATCH-739
SW-DIST-4,GigabitEthernet1/0/42,110,1000,connected,PATCH-748
SW-DIST-4,GigabitEthernet1/0/43,200,1000,error,Auto negotiation failed
SW-DIST-4,GigabitEthernet1/0/44,999,1000,connected,PATCH-998
SW-DIST-4,GigabitEthernet1/0/45,110,1000,connected,PATCH-416
SW-DIST-4,GigabitEthernet1/0/46,20,1000,connected,PATCH-166
SW-DIST-4,GigabitEthernet1/0/47,120,1000,connected,PATCH-211
SW-DIST-4,GigabitEthernet1/0/48,10,1000,connected,PATCH-715
SW-DIST-4,TenGigabitEthernet1/0/1,100,10000,connected,PATCH-330
SW-DIST-4,TenGigabitEthernet1/0/2,120,10000,down,PATCH-660
SW-DIST-4,TenGigabitEthernet1/0/3,10,10000,connected,PATCH-873
SW-DIST-4,TenGigabitEthernet1/0/4,100,10000,connected,PATCH-216
SW-ACCESS-1,FastEthernet0/1,999,100,error,Connection error
SW-ACCESS-1,FastEthernet0/2,100,100,connected,PC-447
SW-ACCESS-1,FastEthernet0/3,999,100,connected,AP-41
SW-ACCESS-1,FastEthernet0/4,200,100,connected,PC-680
SW-ACCESS-1,FastEthernet0/5,200,100,connected,PC-542
SW-ACCESS-1,FastEthernet0/6,130,100,connected,
SW-ACCESS-1,FastEthernet0/7,30,100,connected,AP-144
SW-ACCESS-1,FastEthernet0/8,130,100,connected,SRV-646
SW-ACCESS-1,FastEthernet0/9,10,100,connected,SRV-296
SW-ACCESS-1,FastEthernet0/10,30,100,connected,SRV-567
SW-ACCESS-1,FastEthernet0/11,20,100,connected,SRV-353
SW-ACCESS-1,FastEthernet0/12,999,100,error,Auto negotiation failed
SW-ACCESS-1,FastEthernet0/13,999,100,connected,SRV-361
SW-ACCESS-1,FastEthernet0/14,30,100,connected,AP-161
SW-ACCESS-1,FastEthernet0/15,30,100,down,SRV-565
SW-ACCESS-1,FastEthernet0/16,120,100,connected,AP-105
SW-ACCESS-1,FastEthernet0/17,30,100,connected,AP-603
SW-ACCESS-1,FastEthernet0/18,120,100,down,AP-257
SW-ACCESS-1,FastEthernet0/19,120,100,connected,AP-532
SW-ACCESS-1,FastEthernet0/20,120,100,down,SRV-526
SW-ACCESS-1,FastEthernet0/21,30,100,connected,AP-374
SW-ACCESS-1,FastEthernet0/22,20,100,connected,PC-397
SW-ACCESS-1,FastEthernet0/23,100,100,connected,AP-288
SW-ACCESS-1,FastEthernet0/24,100,100,connected,SRV-803
SW-ACCESS-1,GigabitEthernet0/1,30,1000,connected,PATCH-921
SW-ACCESS-1,GigabitEthernet0/2,30,1000,connected,PATCH-984
SW-ACCESS-1,GigabitEthernet0/3,200,1000,connected,PATCH-569
SW-ACCESS-1,GigabitEthernet0/4,120,1000,connected,PATCH-481
SW-ACCESS-2,FastEthernet0/1,130,100,connected,AP-897
SW-ACCESS-2,FastEthernet0/2,30,100,error,Connection error
SW-ACCESS-2,FastEthernet0/3,200,100,connected,PC-243
SW-ACCESS-2,FastEthernet0/4,999,100,connected,SRV-437
SW-ACCESS-2,FastEthernet0/5,110,100,connected,SRV-650
SW-ACCESS-2,FastEthernet0/6,130,100,connected,AP-207
SW-ACCESS-2,FastEthernet0/7,110,100,connected,SRV-594
SW-ACCESS-2,FastEthernet0/8,999,100,connected,AP-931
SW-ACCESS-2,FastEthernet0/9,30,100,connected,PC-38
SW-ACCESS-2,FastEthernet0/10,120,100,connected,SRV-670
SW-ACCESS-2,FastEthernet0/11,100,100,connected,SRV-209
SW-ACCESS-2,FastEthernet0/12,120,100,down,PC-64
SW-ACCESS-2,FastEthernet0/13,10,100,connected,
SW-ACCESS-2,FastEthernet0/14,120,100,connected,SRV-97
SW-ACCESS-2,FastEthernet0/15,130,100,down,AP-494
SW-ACCESS-2,FastEthernet0/16,30,100,connected,PC-936
SW-ACCESS-2,FastEthernet0/17,10,100,connected,PC-180
SW-ACCESS-2,FastEthernet0/18,999,100,connected,SRV-400
SW-ACCESS-2,FastEthernet0/19,999,100,connected,AP-66
SW-ACCESS-2,FastEthernet0/20,30,100,connected,PC-632
SW-ACCESS-2,FastEthernet0/21,110,100,connected,SRV-195
SW-ACCESS-2,FastEthernet0/22,999,100,connected,SRV-132
SW-ACCESS-2,FastEthernet0/23,200,100,connected,AP-431
SW-ACCESS-2,FastEthernet0/24,200,100,connected,AP-848
SW-ACCESS-2,GigabitEthernet0/1,30,1000,connected,PATCH-463
SW-ACCESS-2,GigabitEthernet0/2,999,1000,down,PATCH-523
SW-ACCESS-2,GigabitEthernet0/3,10,1000,connected,PATCH-145
SW-ACCESS-2,GigabitEthernet0/4,30,1000,connected,PATCH-632
SW-ACCESS-3,FastEthernet0/1,120,100,down,SRV-608
SW-ACCESS-3,FastEthernet0/2,30,100,down,SRV-128
SW-ACCESS-3,FastEthernet0/3,30,100,connected,PC-707
SW-ACCESS-3,FastEthernet0/4,10,100,connected,PC-253
SW-ACCESS-3,FastEthernet0/5,20,100,connected,SRV-449
SW-ACCESS-3,FastEthernet0/6,120,100,connected,PC-5
SW-ACCESS-3,FastEthernet0/7,10,100,error,Wire continuity error
SW-ACCESS-3,FastEthernet0/8,999,100,connected,AP-541
SW-ACCESS-3,FastEthernet0/9,10,100,connected,PC-608
SW-ACCESS-3,FastEthernet0/10,110,100,connected,PC-752
SW-ACCESS-3,FastEthernet0/11,100,100,connected,PC-679
SW-ACCESS-3,FastEthernet0/12,999,100,connected,AP-54
SW-ACCESS-3,FastEthernet0/13,999,100,down,PC-373
SW-ACCESS-3,FastEthernet0/14,20,100,down,SRV-289
SW-ACCESS-3,FastEthernet0/15,130,100,connected,PC-879
SW-ACCESS-3,FastEthernet0/16,30,100,connected,SRV-874
SW-ACCESS-3,FastEthernet0/17,20,100,connected,SRV-499
SW-ACCESS-3,FastEthernet0/18,110,100,connected,PC-784
SW-ACCESS-3,FastEthernet0/19,10,100,down,SRV-975
SW-ACCESS-3,FastEthernet0/20,100,100,down,SRV-404
SW-ACCESS-3,FastEthernet0/21,130,100,down,AP-864
SW-ACCESS-3,FastEthernet0/22,100,100,error,Auto negotiation failed
SW-ACCESS-3,FastEthernet0/23,999,100,connected,SRV-998
SW-ACCESS-3,FastEthernet0/24,100,100,connected,AP-953
SW-ACCESS-3,GigabitEthernet0/1,20,1000,connected,PATCH-241
SW-ACCESS-3,GigabitEthernet0/2,120,1000,connected,
SW-ACCESS-3,GigabitEthernet0/3,100,1000,connected,PATCH-195
SW-ACCESS-3,GigabitEthernet0/4,999,1000,down,PATCH-984
SW-ACCESS-4,FastEthernet0/1,110,100,down,AP-106
SW-ACCESS-4,FastEthernet0/2,999,100,down,PC-777
SW-ACCESS-4,FastEthernet0/3,200,100,connected,AP-860
SW-ACCESS-4,FastEthernet0/4,110,100,connected,SRV-253
SW-ACCESS-4,FastEthernet0/5,20,100,down,
SW-ACCESS-4,FastEthernet0/6,130,100,error,Connection error
SW-ACCESS-4,FastEthernet0/7,130,100,connected,AP-234
SW-ACCESS-4,FastEthernet0/8,30,100,connected,AP-415
SW-ACCESS-4,FastEthernet0/9,30,100,connected,SRV-420
SW-ACCESS-4,FastEthernet0/10,200,100,connected,PC-572
SW-ACCESS-4,FastEthernet0/11,999,100,down,PC-37
SW-ACCESS-4,FastEthernet0/12,10,100,connected,SRV-246
SW-ACCESS-4,FastEthernet0/13,110,100,connected,PC-127
SW-ACCESS-4,FastEthernet0/14,999,100,connected,AP-55
SW-ACCESS-4,FastEthernet0/15,100,100,connected,AP-371
SW-ACCESS-4,FastEthernet0/16,100,100,connected,PC-377
SW-ACCESS-4,FastEthernet0/17,20,100,down,PC-955
SW-ACCESS-4,FastEthernet0/18,30,100,error,Auto negotiation failed
SW-ACCESS-4,FastEthernet0/19,120,100,connected,AP-533
SW-ACCESS-4,FastEthernet0/20,200,100,connected,SRV-327
SW-ACCESS-4,FastEthernet0/21,999,100,connected,SRV-545
SW-ACCESS-4,FastEthernet0/22,20,100,connected,PC-598
SW-ACCESS-4,FastEthernet0/23,10,100,connected,AP-575
SW-ACCESS-4,FastEthernet0/24,20,100,connected,
SW-ACCESS-4,GigabitEthernet0/1,130,1000,connected,PATCH-970
SW-ACCESS-4,GigabitEthernet0/2,30,1000,down,
SW-ACCESS-4,GigabitEthernet0/3,100,1000,connected,PATCH-117
SW-ACCESS-4,GigabitEthernet0/4,999,1000,error,Connection error
SW-ACCESS-5,FastEthernet0/1,30,100,connected,SRV-306
SW-ACCESS-5,FastEthernet0/2,120,100,down,PC-802
SW-ACCESS-5,FastEthernet0/3,20,100,connected,PC-523
SW-ACCESS-5,FastEthernet0/4,999,100,connected,PC-182
SW-ACCESS-5,FastEthernet0/5,10,100,connected,AP-519
SW-ACCESS-5,FastEthernet0/6,20,100,connected,AP-97
SW-ACCESS-5,FastEthernet0/7,999,100,connected,AP-596
SW-ACCESS-5,FastEthernet0/8,10,100,down,AP-742
SW-ACCESS-5,FastEthernet0/9,120,100,down,PC-17
SW-ACCESS-5,FastEthernet0/10,130,100,error,Auto negotiation failed
SW-ACCESS-5,FastEthernet0/11,999,100,down,PC-963
SW-ACCESS-5,FastEthernet0/12,120,100,connected,AP-124
SW-ACCESS-5,FastEthernet0/13,200,100,error,Auto negotiation failed
SW-ACCESS-5,FastEthernet0/14,200,100,connected,SRV-12
SW-ACCESS-5,FastEthernet0/15,130,100,connected,SRV-536
SW-ACCESS-5,FastEthernet0/16,110,100,connected,SRV-506
SW-ACCESS-5,FastEthernet0/17,20,100,down,SRV-248
SW-ACCESS-5,FastEthernet0/18,110,100,connected,SRV-265
SW-ACCESS-5,FastEthernet0/19,10,100,down,AP-646
SW-ACCESS-5,FastEthernet0/20,130,100,connected,AP-181
SW-ACCESS-5,FastEthernet0/21,999,100,down,SRV-491
SW-ACCESS-5,FastEthernet0/22,130,100,connected,AP-736
SW-ACCESS-5,FastEthernet0/23,130,100,connected,PC-21
SW-ACCESS-5,FastEthernet0/24,20,100,connected,SRV-850
SW-ACCESS-5,GigabitEthernet0/1,110,1000,error,Wire continuity error
SW-ACCESS-5,GigabitEthernet0/2,10,1000,connected,PATCH-819
SW-ACCESS-5,GigabitEthernet0/3,30,1000,connected,PATCH-50
SW-ACCESS-5,GigabitEthernet0/4,100,1000,down,PATCH-486
SW-ACCESS-6,FastEthernet0/1,20,100,connected,SRV-128
SW-ACCESS-6,FastEthernet0/2,999,100,error,Auto negotiation failed
SW-ACCESS-6,FastEthernet0/3,100,100,connected,SRV-15
SW-ACCESS-6,FastEthernet0/4,130,100,connected,SRV-268
SW-ACCESS-6,FastEthernet0/5,110,100,connected,AP-548
SW-ACCESS-6,FastEthernet0/6,20,100,connected,SRV-38
SW-ACCESS-6,FastEthernet0/7,999,100,connected,PC-709
SW-ACCESS-6,FastEthernet0/8,120,100,connected,SRV-554
SW-ACCESS-6,FastEthernet0/9,110,100,down,SRV-785
SW-ACCESS-6,FastEthernet0/10,130,100,connected,SRV-517
SW-ACCESS-6,FastEthernet0/11,20,100,down,SRV-44
SW-ACCESS-6,FastEthernet0/12,200,100,error,Auto negotiation failed
SW-ACCESS-6,FastEthernet0/13,20,100,connected,PC-143
SW-ACCESS-6,FastEthernet0/14,999,100,connected,AP-778
SW-ACCESS-6,FastEthernet0/15,200,100,connected,PC-246
SW-ACCESS-6,FastEthernet0/16,20,100,connected,PC-302
SW-ACCESS-6,FastEthernet0/17,10,100,error,Connection error
SW-ACCESS-6,FastEthernet0/18,20,100,connected,PC-204
SW-ACCESS-6,FastEthernet0/19,100,100,error,Wire continuity error
SW-ACCESS-6,FastEthernet0/20,120,100,down,SRV-40
SW-ACCESS-6,FastEthernet0/21,999,100,down,AP-31
SW-ACCESS-6,FastEthernet0/22,30,100,connected,AP-16
SW-ACCESS-6,FastEthernet0/23,110,100,connected,SRV-512
SW-ACCESS-6,FastEthernet0/24,120,100,connected,PC-210
SW-ACCESS-6,GigabitEthernet0/1,120,1000,connected,PATCH-783
SW-ACCESS-6,GigabitEthernet0/2,30,1000,connected,PATCH-904
SW-ACCESS-6,GigabitEthernet0/3,10,1000,connected,PATCH-168
SW-ACCESS-6,GigabitEthernet0/4,20,1000,connected,PATCH-867
SW-ACCESS-7,FastEthernet0/1,110,100,connected,PC-567
SW-ACCESS-7,FastEthernet0/2,30,100,connected,SRV-584
SW-ACCESS-7,FastEthernet0/3,200,100,connected,PC-904
SW-ACCESS-7,FastEthernet0/4,20,100,connected,PC-576
SW-ACCESS-7,FastEthernet0/5,30,100,down,PC-708
SW-ACCESS-7,FastEthernet0/6,30,100,down,AP-204
SW-ACCESS-7,FastEthernet0/7,200,100,connected,AP-479
SW-ACCESS-7,FastEthernet0/8,130,100,connected,SRV-713
SW-ACCESS-7,FastEthernet0/9,120,100,connected,AP-477
SW-ACCESS-7,FastEthernet0/10,100,100,connected,SRV-981
SW-ACCESS-7,FastEthernet0/11,100,100,down,AP-377
SW-ACCESS-7,FastEthernet0/12,999,100,connected,PC-190
SW-ACCESS-7,FastEthernet0/13,999,100,connected,AP-620
SW-ACCESS-7,FastEthernet0/14,100,100,connected,AP-111
SW-ACCESS-7,FastEthernet0/15,120,100,connected,AP-807
SW-ACCESS-7,FastEthernet0/16,20,100,connected,PC-191
SW-ACCESS-7,FastEthernet0/17,200,100,connected,SRV-44
SW-ACCESS-7,FastEthernet0/18,110,100,connected,PC-702
SW-ACCESS-7,FastEthernet0/19,10,100,down,PC-854
SW-ACCESS-7,FastEthernet0/20,120,100,connected,AP-48
SW-ACCESS-7,FastEthernet0/21,130,100,down,PC-811
SW-ACCESS-7,FastEthernet0/22,30,100,down,SRV-622
SW-ACCESS-7,FastEthernet0/23,100,100,connected,PC-452
SW-ACCESS-7,FastEthernet0/24,999,100,connected,SRV-470
SW-ACCESS-7,GigabitEthernet0/1,110,1000,connected,PATCH-1000
SW-ACCESS-7,GigabitEthernet0/2,999,1000,connected,PATCH-569
SW-ACCESS-7,GigabitEthernet0/3,999,1000,connected,PATCH-767
SW-ACCESS-7,GigabitEthernet0/4,200,1000,connected,PATCH-311
SW-ACCESS-8,FastEthernet0/1,999,100,connected,AP-592
SW-ACCESS-8,FastEthernet0/2,999,100,connected,SRV-885
SW-ACCESS-8,FastEthernet0/3,10,100,connected,AP-482
SW-ACCESS-8,FastEthernet0/4,999,100,connected,SRV-340
SW-ACCESS-8,FastEthernet0/5,10,100,connected,SRV-85
SW-ACCESS-8,FastEthernet0/6,120,100,connected,PC-741
SW-ACCESS-8,FastEthernet0/7,999,100,connected,AP-615
SW-ACCESS-8,FastEthernet0/8,30,100,connected,PC-707
SW-ACCESS-8,FastEthernet0/9,100,100,error,Connection error
SW-ACCESS-8,FastEthernet0/10,130,100,connected,PC-443
SW-ACCESS-8,FastEthernet0/11,30,100,connected,PC-73
SW-ACCESS-8,FastEthernet0/12,30,100,error,Wire continuity error
SW-ACCESS-8,FastEthernet0/13,999,100,connected,SRV-51
SW-ACCESS-8,FastEthernet0/14,120,100,connected,SRV-529
SW-ACCESS-8,FastEthernet0/15,130,100,connected,PC-784
SW-ACCESS-8,FastEthernet0/16,10,100,down,AP-401
SW-ACCESS-8,FastEthernet0/17,200,100,connected,AP-81
SW-ACCESS-8,FastEthernet0/18,100,100,connected,AP-836
SW-ACCESS-8,FastEthernet0/19,130,100,connected,AP-207
SW-ACCESS-8,FastEthernet0/20,110,100,connected,AP-633
SW-ACCESS-8,FastEthernet0/21,130,100,connected,SRV-752
SW-ACCESS-8,FastEthernet0/22,30,100,connected,AP-680
SW-ACCESS-8,FastEthernet0/23,200,100,down,AP-648
SW-ACCESS-8,FastEthernet0/24,30,100,connected,AP-683
SW-ACCESS-8,GigabitEthernet0/1,120,1000,connected,PATCH-517
SW-ACCESS-8,GigabitEthernet0/2,10,1000,connected,PATCH-493
SW-ACCESS-8,GigabitEthernet0/3,20,1000,error,Auto negotiation failed
SW-ACCESS-8,GigabitEthernet0/4,200,1000,connected,PATCH-420
SW-ACCESS-9,FastEthernet0/1,120,100,connected,AP-666
SW-ACCESS-9,FastEthernet0/2,110,100,connected,SRV-100
SW-ACCESS-9,FastEthernet0/3,110,100,down,AP-694
SW-ACCESS-9,FastEthernet0/4,20,100,down,SRV-469
SW-ACCESS-9,FastEthernet0/5,120,100,connected,AP-246
SW-ACCESS-9,FastEthernet0/6,120,100,connected,PC-322
SW-ACCESS-9,FastEthernet0/7,30,100,connected,SRV-632
SW-ACCESS-9,FastEthernet0/8,120,100,connected,PC-118
SW-ACCESS-9,FastEthernet0/9,999,100,connected,PC-308
SW-ACCESS-9,FastEthernet0/10,999,100,connected,PC-821
SW-ACCESS-9,FastEthernet0/11,100,100,connected,SRV-865
SW-ACCESS-9,FastEthernet0/12,999,100,down,SRV-44
SW-ACCESS-9,FastEthernet0/13,20,100,connected,AP-477
SW-ACCESS-9,FastEthernet0/14,999,100,connected,AP-49
SW-ACCESS-9,FastEthernet0/15,130,100,connected,SRV-898
SW-ACCESS-9,FastEthernet0/16,30,100,connected,AP-592
SW-ACCESS-9,FastEthernet0/17,10,100,error,Wire continuity error
SW-ACCESS-9,FastEthernet0/18,999,100,connected,AP-675
SW-ACCESS-9,FastEthernet0/19,10,100,connected,SRV-294
SW-ACCESS-9,FastEthernet0/20,999,100,connected,PC-437
SW-ACCESS-9,FastEthernet0/21,20,100,connected,SRV-758
SW-ACCESS-9,FastEthernet0/22,999,100,connected,PC-579
SW-ACCESS-9,FastEthernet0/23,200,100,connected,SRV-228
SW-ACCESS-9,FastEthernet0/24,200,100,error,Connection error
SW-ACCESS-9,GigabitEthernet0/1,30,1000,connected,PATCH-354
SW-ACCESS-9,GigabitEthernet0/2,130,1000,connected,
SW-ACCESS-9,GigabitEthernet0/3,130,1000,connected,
SW-ACCESS-9,GigabitEthernet0/4,20,1000,connected,PATCH-643
SW-ACCESS-10,FastEthernet0/1,100,100,connected,AP-124
SW-ACCESS-10,FastEthernet0/2,120,100,down,PC-96
SW-ACCESS-10,FastEthernet0/3,999,100,connected,
SW-ACCESS-10,FastEthernet0/4,110,100,connected,AP-809
SW-ACCESS-10,FastEthernet0/5,100,100,down,AP-816
SW-ACCESS-10,FastEthernet0/6,200,100,connected,PC-566
SW-ACCESS-10,FastEthernet0/7,120,100,connected,PC-622
SW-ACCESS-10,FastEthernet0/8,130,100,connected,SRV-823
SW-ACCESS-10,FastEthernet0/9,200,100,connected,SRV-646
SW-ACCESS-10,FastEthernet0/10,100,100,connected,PC-152
SW-ACCESS-10,FastEthernet0/11,130,100,down,SRV-137
SW-ACCESS-10,FastEthernet0/12,10,100,connected,SRV-35
SW-ACCESS-10,FastEthernet0/13,100,100,connected,PC-424
SW-ACCESS-10,FastEthernet0/14,100,100,connected,AP-89
SW-ACCESS-10,FastEthernet0/15,999,100,connected,PC-261
SW-ACCESS-10,FastEthernet0/16,200,100,down,PC-442
SW-ACCESS-10,FastEthernet0/17,200,100,connected,AP-838
SW-ACCESS-10,FastEthernet0/18,110,100,connected,SRV-158
SW-ACCESS-10,FastEthernet0/19,20,100,connected,SRV-460
SW-ACCESS-10,FastEthernet0/20,30,100,connected,SRV-21
SW-ACCESS-10,FastEthernet0/21,130,100,error,Wire continuity error
SW-ACCESS-10,FastEthernet0/22,100,100,down,AP-895
SW-ACCESS-10,FastEthernet0/23,999,100,connected,AP-375
SW-ACCESS-10,FastEthernet0/24,120,100,down,AP-945
SW-ACCESS-10,GigabitEthernet0/1,200,1000,down,PATCH-306
SW-ACCESS-10,GigabitEthernet0/2,10,1000,connected,PATCH-879
SW-ACCESS-10,GigabitEthernet0/3,130,1000,error,Connection error
SW-ACCESS-10,GigabitEthernet0/4,20,1000,down,PATCH-780
SW-ACCESS-11,FastEthernet0/1,110,100,connected,AP-870
SW-ACCESS-11,FastEthernet0/2,999,100,connected,PC-264
SW-ACCESS-11,FastEthernet0/3,120,100,down,AP-76
SW-ACCESS-11,FastEthernet0/4,10,100,connected,PC-255
SW-ACCESS-11,FastEthernet0/5,130,100,down,AP-370
SW-ACCESS-11,FastEthernet0/6,110,100,connected,
SW-ACCESS-11,FastEthernet0/7,100,100,connected,
SW-ACCESS-11,FastEthernet0/8,999,100,connected,SRV-672
SW-ACCESS-11,FastEthernet0/9,100,100,connected,PC-66
SW-ACCESS-11,FastEthernet0/10,10,100,down,SRV-176
SW-ACCESS-11,FastEthernet0/11,20,100,connected,PC-483
SW-ACCESS-11,FastEthernet0/12,20,100,down,PC-331
SW-ACCESS-11,FastEthernet0/13,200,100,connected,PC-195
SW-ACCESS-11,FastEthernet0/14,110,100,connected,SRV-992
SW-ACCESS-11,FastEthernet0/15,30,100,down,SRV-20
SW-ACCESS-11,FastEthernet0/16,130,100,connected,AP-72
SW-ACCESS-11,FastEthernet0/17,999,100,connected,AP-305
SW-ACCESS-11,FastEthernet0/18,130,100,error,Wire continuity error
SW-ACCESS-11,FastEthernet0/19,120,100,connected,PC-169
SW-ACCESS-11,FastEthernet0/20,999,100,connected,AP-922
SW-ACCESS-11,FastEthernet0/21,130,100,connected,SRV-587
SW-ACCESS-11,FastEthernet0/22,110,100,down,PC-717
SW-ACCESS-11,FastEthernet0/23,10,100,connected,PC-951
SW-ACCESS-11,FastEthernet0/24,130,100,connected,PC-875
SW-ACCESS-11,GigabitEthernet0/1,110,1000,connected,PATCH-768
SW-ACCESS-11,GigabitEthernet0/2,20,1000,connected,PATCH-941
SW-ACCESS-11,GigabitEthernet0/3,110,1000,connected,PATCH-679
SW-ACCESS-11,GigabitEthernet0/4,130,1000,connected,PATCH-436
SW-ACCESS-12,FastEthernet0/1,110,100,connected,SRV-741
SW-ACCESS-12,FastEthernet0/2,10,100,connected,AP-622
SW-ACCESS-12,FastEthernet0/3,100,100,connected,
SW-ACCESS-12,FastEthernet0/4,20,100,connected,SRV-656
SW-ACCESS-12,FastEthernet0/5,10,100,connected,SRV-512
SW-ACCESS-12,FastEthernet0/6,120,100,connected,PC-535
SW-ACCESS-12,FastEthernet0/7,30,100,connected,AP-460
SW-ACCESS-12,FastEthernet0/8,10,100,down,PC-792
SW-ACCESS-12,FastEthernet0/9,30,100,connected,SRV-15
SW-ACCESS-12,FastEthernet0/10,130,100,connected,SRV-976
SW-ACCESS-12,FastEthernet0/11,120,100,down,PC-459
SW-ACCESS-12,FastEthernet0/12,200,100,connected,AP-144
SW-ACCESS-12,FastEthernet0/13,110,100,connected,PC-552
SW-ACCESS-12,FastEthernet0/14,10,100,connected,AP-914
SW-ACCESS-12,FastEthernet0/15,999,100,connected,AP-269
SW-ACCESS-12,FastEthernet0/16,30,100,connected,AP-622
SW-ACCESS-12,FastEthernet0/17,30,100,down,AP-245
SW-ACCESS-12,FastEthernet0/18,200,100,connected,PC-801
SW-ACCESS-12,FastEthernet0/19,30,100,connected,AP-34
SW-ACCESS-12,FastEthernet0/20,110,100,error,Connection error
SW-ACCESS-12,FastEthernet0/21,120,100,down,SRV-860
SW-ACCESS-12,FastEthernet0/22,200,100,connected,PC-970
SW-ACCESS-12,FastEthernet0/23,999,100,error,Connection error
SW-ACCESS-12,FastEthernet0/24,999,100,connected,SRV-613
SW-ACCESS-12,GigabitEthernet0/1,100,1000,down,PATCH-57
SW-ACCESS-12,GigabitEthernet0/2,100,1000,connected,PATCH-236
SW-ACCESS-12,GigabitEthernet0/3,130,1000,error,Wire continuity error
SW-ACCESS-12,GigabitEthernet0/4,100,1000,connected,PATCH-574
SW-ACCESS-13,FastEthernet0/1,120,100,connected,PC-536
SW-ACCESS-13,FastEthernet0/2,110,100,connected,AP-904
SW-ACCESS-13,FastEthernet0/3,120,100,connected,AP-83
SW-ACCESS-13,FastEthernet0/4,110,100,connected,PC-301
SW-ACCESS-13,FastEthernet0/5,30,100,connected,SRV-299
SW-ACCESS-13,FastEthernet0/6,100,100,connected,AP-108
SW-ACCESS-13,FastEthernet0/7,30,100,connected,AP-118
SW-ACCESS-13,FastEthernet0/8,20,100,connected,SRV-309
SW-ACCESS-13,FastEthernet0/9,100,100,connected,SRV-959
SW-ACCESS-13,FastEthernet0/10,200,100,connected,AP-266
SW-ACCESS-13,FastEthernet0/11,30,100,connected,PC-10
SW-ACCESS-13,FastEthernet0/12,999,100,connected,AP-179
SW-ACCESS-13,FastEthernet0/13,10,100,connected,SRV-150
SW-ACCESS-13,FastEthernet0/14,130,100,down,
SW-ACCESS-13,FastEthernet0/15,999,100,connected,AP-472
SW-ACCESS-13,FastEthernet0/16,30,100,down,SRV-568
SW-ACCESS-13,FastEthernet0/17,120,100,connected,AP-240
SW-ACCESS-13,FastEthernet0/18,120,100,connected,SRV-778
SW-ACCESS-13,FastEthernet0/19,999,100,down,PC-66
SW-ACCESS-13,FastEthernet0/20,30,100,connected,SRV-43
SW-ACCESS-13,FastEthernet0/21,200,100,down,AP-990
SW-ACCESS-13,FastEthernet0/22,120,100,connected,PC-208
SW-ACCESS-13,FastEthernet0/23,10,100,connected,AP-603
SW-ACCESS-13,FastEthernet0/24,999,100,error,Auto negotiation failed
SW-ACCESS-13,GigabitEthernet0/1,130,1000,connected,PATCH-319
SW-ACCESS-13,GigabitEthernet0/2,999,1000,connected,PATCH-67
SW-ACCESS-13,GigabitEthernet0/3,10,1000,connected,PATCH-537
SW-ACCESS-13,GigabitEthernet0/4,200,1000,connected,PATCH-428
SW-ACCESS-14,FastEthernet0/1,110,100,connected,PC-925
SW-ACCESS-14,FastEthernet0/2,30,100,connected,PC-303
SW-ACCESS-14,FastEthernet0/3,100,100,connected,PC-124
SW-ACCESS-14,FastEthernet0/4,120,100,connected,AP-683
SW-ACCESS-14,FastEthernet0/5,30,100,connected,PC-127
SW-ACCESS-14,FastEthernet0/6,20,100,error,Auto negotiation failed
SW-ACCESS-14,FastEthernet0/7,100,100,connected,PC-778
SW-ACCESS-14,FastEthernet0/8,999,100,connected,AP-354
SW-ACCESS-14,FastEthernet0/9,100,100,connected,SRV-996
SW-ACCESS-14,FastEthernet0/10,10,100,connected,PC-239
SW-ACCESS-14,FastEthernet0/11,130,100,connected,SRV-582
SW-ACCESS-14,FastEthernet0/12,999,100,connected,AP-942
SW-ACCESS-14,FastEthernet0/13,200,100,connected,SRV-264
SW-ACCESS-14,FastEthernet0/14,30,100,connected,SRV-595
SW-ACCESS-14,FastEthernet0/15,999,100,connected,SRV-77
SW-ACCESS-14,FastEthernet0/16,110,100,connected,SRV-423
SW-ACCESS-14,FastEthernet0/17,30,100,connected,AP-948
SW-ACCESS-14,FastEthernet0/18,130,100,connected,PC-862
SW-ACCESS-14,FastEthernet0/19,200,100,down,AP-612
SW-ACCESS-14,FastEthernet0/20,30,100,error,Auto negotiation failed
SW-ACCESS-14,FastEthernet0/21,110,100,connected,PC-784
SW-ACCESS-14,FastEthernet0/22,110,100,connected,SRV-441
SW-ACCESS-14,FastEthernet0/23,20,100,connected,PC-875
SW-ACCESS-14,FastEthernet0/24,120,100,connected,SRV-116
SW-ACCESS-14,GigabitEthernet0/1,200,1000,down,PATCH-798
SW-ACCESS-14,GigabitEthernet0/2,10,1000,connected,PATCH-493
SW-ACCESS-14,GigabitEthernet0/3,30,1000,connected,PATCH-118
SW-ACCESS-14,GigabitEthernet0/4,130,1000,connected,PATCH-188
SW-ACCESS-15,FastEthernet0/1,200,100,connected,AP-272
SW-ACCESS-15,FastEthernet0/2,120,100,connected,PC-412
SW-ACCESS-15,FastEthernet0/3,10,100,connected,PC-728
SW-ACCESS-15,FastEthernet0/4,110,100,connected,SRV-364
SW-ACCESS-15,FastEthernet0/5,200,100,connected,PC-2
SW-ACCESS-15,FastEthernet0/6,130,100,connected,AP-582
SW-ACCESS-15,FastEthernet0/7,120,100,connected,PC-407
SW-ACCESS-15,FastEthernet0/8,200,100,connected,PC-225
SW-ACCESS-15,FastEthernet0/9,20,100,connected,SRV-330
SW-ACCESS-15,FastEthernet0/10,10,100,connected,AP-214
SW-ACCESS-15,FastEthernet0/11,10,100,error,Wire continuity error
SW-ACCESS-15,FastEthernet0/12,100,100,connected,
SW-ACCESS-15,FastEthernet0/13,110,100,connected,AP-769
SW-ACCESS-15,FastEthernet0/14,120,100,connected,PC-891
SW-ACCESS-15,FastEthernet0/15,120,100,connected,AP-54
SW-ACCESS-15,FastEthernet0/16,30,100,connected,AP-983
SW-ACCESS-15,FastEthernet0/17,120,100,connected,PC-864
SW-ACCESS-15,FastEthernet0/18,30,100,connected,PC-527
SW-ACCESS-15,FastEthernet0/19,999,100,connected,SRV-327
SW-ACCESS-15,FastEthernet0/20,30,100,connected,PC-856
SW-ACCESS-15,FastEthernet0/21,120,100,connected,PC-820
SW-ACCESS-15,FastEthernet0/22,999,100,connected,PC-150
SW-ACCESS-15,FastEthernet0/23,110,100,down,SRV-414
SW-ACCESS-15,FastEthernet0/24,999,100,error,Connection error
SW-ACCESS-15,GigabitEthernet0/1,200,1000,connected,PATCH-243
SW-ACCESS-15,GigabitEthernet0/2,110,1000,down,PATCH-356
SW-ACCESS-15,GigabitEthernet0/3,120,1000,connected,PATCH-839
SW-ACCESS-15,GigabitEthernet0/4,999,1000,error,Auto negotiation failed
SW-ACCESS-16,FastEthernet0/1,10,100,connected,PC-865
SW-ACCESS-16,FastEthernet0/2,120,100,error,Wire continuity error
SW-ACCESS-16,FastEthernet0/3,10,100,connected,PC-191
SW-ACCESS-16,FastEthernet0/4,130,100,connected,SRV-202
SW-ACCESS-16,FastEthernet0/5,999,100,connected,PC-495
SW-ACCESS-16,FastEthernet0/6,200,100,down,AP-657
SW-ACCESS-16,FastEthernet0/7,999,100,connected,SRV-383
SW-ACCESS-16,FastEthernet0/8,200,100,connected,SRV-362
SW-ACCESS-16,FastEthernet0/9,130,100,down,SRV-621
SW-ACCESS-16,FastEthernet0/10,110,100,error,Wire continuity error
SW-ACCESS-16,FastEthernet0/11,999,100,connected,AP-377
SW-ACCESS-16,FastEthernet0/12,100,100,connected,SRV-65
SW-ACCESS-16,FastEthernet0/13,200,100,connected,PC-47
SW-ACCESS-16,FastEthernet0/14,20,100,connected,SRV-891
SW-ACCESS-16,FastEthernet0/15,130,100,connected,PC-540
SW-ACCESS-16,FastEthernet0/16,120,100,down,AP-647
SW-ACCESS-16,FastEthernet0/17,20,100,error,Connection error
SW-ACCESS-16,FastEthernet0/18,100,100,connected,AP-174
SW-ACCESS-16,FastEthernet0/19,100,100,connected,PC-199
SW-ACCESS-16,FastEthernet0/20,130,100,connected,AP-333
SW-ACCESS-16,FastEthernet0/21,30,100,connected,SRV-49
SW-ACCESS-16,FastEthernet0/22,120,100,down,PC-925
SW-ACCESS-16,FastEthernet0/23,100,100,connected,
SW-ACCESS-16,FastEthernet0/24,30,100,connected,AP-655
SW-ACCESS-16,GigabitEthernet0/1,130,1000,connected,PATCH-918
SW-ACCESS-16,GigabitEthernet0/2,100,1000,error,Wire continuity error
SW-ACCESS-16,GigabitEthernet0/3,30,1000,connected,PATCH-151
SW-ACCESS-16,GigabitEthernet0/4,200,1000,connected,PATCH-626
SW-ACCESS-17,FastEthernet0/1,110,100,down,SRV-815
SW-ACCESS-17,FastEthernet0/2,200,100,down,AP-26
SW-ACCESS-17,FastEthernet0/3,120,100,connected,
SW-ACCESS-17,FastEthernet0/4,130,100,connected,AP-884
SW-ACCESS-17,FastEthernet0/5,100,100,connected,SRV-323
SW-ACCESS-17,FastEthernet0/6,110,100,connected,AP-202
SW-ACCESS-17,FastEthernet0/7,110,100,connected,AP-144
SW-ACCESS-17,FastEthernet0/8,20,100,connected,PC-575
SW-ACCESS-17,FastEthernet0/9,20,100,connected,AP-523
SW-ACCESS-17,FastEthernet0/10,30,100,down,AP-366
SW-ACCESS-17,FastEthernet0/11,999,100,connected,
SW-ACCESS-17,FastEthernet0/12,200,100,error,Wire continuity error
SW-ACCESS-17,FastEthernet0/13,200,100,connected,PC-415
SW-ACCESS-17,FastEthernet0/14,100,100,error,Wire continuity error
SW-ACCESS-17,FastEthernet0/15,100,100,connected,PC-977
SW-ACCESS-17,FastEthernet0/16,200,100,connected,PC-501
SW-ACCESS-17,FastEthernet0/17,100,100,connected,AP-416
SW-ACCESS-17,FastEthernet0/18,110,100,connected,SRV-869
SW-ACCESS-17,FastEthernet0/19,20,100,connected,PC-211
SW-ACCESS-17,FastEthernet0/20,30,100,connected,SRV-247
SW-ACCESS-17,FastEthernet0/21,10,100,error,Auto negotiation failed
SW-ACCESS-17,FastEthernet0/22,10,100,connected,AP-601
SW-ACCESS-17,FastEthernet0/23,110,100,connected,SRV-822
SW-ACCESS-17,FastEthernet0/24,120,100,connected,PC-340
SW-ACCESS-17,GigabitEthernet0/1,10,1000,connected,PATCH-209
SW-ACCESS-17,GigabitEthernet0/2,999,1000,connected,
SW-ACCESS-17,GigabitEthernet0/3,20,1000,connected,PATCH-734
SW-ACCESS-17,GigabitEthernet0/4,30,1000,connected,PATCH-959
SW-ACCESS-18,FastEthernet0/1,110,100,connected,SRV-256
SW-ACCESS-18,FastEthernet0/2,30,100,connected,SRV-482
SW-ACCESS-18,FastEthernet0/3,110,100,connected,AP-849
SW-ACCESS-18,FastEthernet0/4,200,100,error,Wire continuity error
SW-ACCESS-18,FastEthernet0/5,30,100,connected,SRV-597
SW-ACCESS-18,FastEthernet0/6,10,100,connected,PC-83
SW-ACCESS-18,FastEthernet0/7,100,100,connected,AP-802
SW-ACCESS-18,FastEthernet0/8,999,100,connected,PC-875
SW-ACCESS-18,FastEthernet0/9,30,100,connected,PC-35
SW-ACCESS-18,FastEthernet0/10,130,100,connected,AP-372
SW-ACCESS-18,FastEthernet0/11,20,100,connected,AP-342
SW-ACCESS-18,FastEthernet0/12,100,100,connected,PC-338
SW-ACCESS-18,FastEthernet0/13,10,100,down,
SW-ACCESS-18,FastEthernet0/14,120,100,connected,AP-682
SW-ACCESS-18,FastEthernet0/15,10,100,error,Connection error
SW-ACCESS-18,FastEthernet0/16,30,100,connected,
SW-ACCESS-18,FastEthernet0/17,110,100,connected,AP-792
SW-ACCESS-18,FastEthernet0/18,110,100,connected,PC-253
SW-ACCESS-18,FastEthernet0/19,10,100,connected,AP-661
SW-ACCESS-18,FastEthernet0/20,120,100,error,Wire continuity error
SW-ACCESS-18,FastEthernet0/21,100,100,connected,PC-138
SW-ACCESS-18,FastEthernet0/22,999,100,connected,AP-920
SW-ACCESS-18,FastEthernet0/23,120,100,down,AP-558
SW-ACCESS-18,FastEthernet0/24,200,100,connected,SRV-685
SW-ACCESS-18,GigabitEthernet0/1,110,1000,connected,PATCH-855
SW-ACCESS-18,GigabitEthernet0/2,120,1000,down,PATCH-679
SW-ACCESS-18,GigabitEthernet0/3,10,1000,connected,PATCH-213
SW-ACCESS-18,GigabitEthernet0/4,10,1000,connected,PATCH-477
SW-ACCESS-19,FastEthernet0/1,100,100,connected,AP-843
SW-ACCESS-19,FastEthernet0/2,999,100,connected,PC-292
SW-ACCESS-19,FastEthernet0/3,110,100,error,Wire continuity error
SW-ACCESS-19,FastEthernet0/4,999,100,connected,SRV-764
SW-ACCESS-19,FastEthernet0/5,200,100,connected,PC-227
SW-ACCESS-19,FastEthernet0/6,100,100,connected,PC-737
SW-ACCESS-19,FastEthernet0/7,999,100,down,PC-618
SW-ACCESS-19,FastEthernet0/8,20,100,down,AP-457
SW-ACCESS-19,FastEthernet0/9,30,100,connected,AP-964
SW-ACCESS-19,FastEthernet0/10,100,100,connected,SRV-448
SW-ACCESS-19,FastEthernet0/11,110,100,down,PC-336
SW-ACCESS-19,FastEthernet0/12,110,100,connected,SRV-865
SW-ACCESS-19,FastEthernet0/13,100,100,down,AP-902
SW-ACCESS-19,FastEthernet0/14,20,100,down,AP-389
SW-ACCESS-19,FastEthernet0/15,999,100,connected,AP-881
SW-ACCESS-19,FastEthernet0/16,200,100,connected,SRV-910
SW-ACCESS-19,FastEthernet0/17,120,100,connected,SRV-946
SW-ACCESS-19,FastEthernet0/18,200,100,connected,PC-940
SW-ACCESS-19,FastEthernet0/19,20,100,down,AP-106
SW-ACCESS-19,FastEthernet0/20,120,100,connected,AP-106
SW-ACCESS-19,FastEthernet0/21,110,100,down,PC-53
SW-ACCESS-19,FastEthernet0/22,100,100,error,Connection error
SW-ACCESS-19,FastEthernet0/23,30,100,connected,SRV-785
SW-ACCESS-19,FastEthernet0/24,130,100,down,AP-662
SW-ACCESS-19,GigabitEthernet0/1,20,1000,connected,PATCH-71
SW-ACCESS-19,GigabitEthernet0/2,100,1000,connected,PATCH-700
SW-ACCESS-19,GigabitEthernet0/3,100,1000,connected,PATCH-551
SW-ACCESS-19,GigabitEthernet0/4,110,1000,connected,PATCH-426
SW-ACCESS-20,FastEthernet0/1,130,100,connected,SRV-519
SW-ACCESS-20,FastEthernet0/2,100,100,connected,SRV-443
SW-ACCESS-20,FastEthernet0/3,100,100,error,Auto negotiation failed
SW-ACCESS-20,FastEthernet0/4,10,100,connected,AP-213
SW-ACCESS-20,FastEthernet0/5,120,100,connected,AP-60
SW-ACCESS-20,FastEthernet0/6,110,100,connected,SRV-786
SW-ACCESS-20,FastEthernet0/7,130,100,error,Wire continuity error
SW-ACCESS-20,FastEthernet0/8,30,100,connected,PC-637
SW-ACCESS-20,FastEthernet0/9,30,100,down,PC-138
SW-ACCESS-20,FastEthernet0/10,200,100,down,AP-667
SW-ACCESS-20,FastEthernet0/11,130,100,connected,AP-467
SW-ACCESS-20,FastEthernet0/12,120,100,connected,SRV-804
SW-ACCESS-20,FastEthernet0/13,10,100,connected,SRV-704
SW-ACCESS-20,FastEthernet0/14,10,100,connected,PC-308
SW-ACCESS-20,FastEthernet0/15,10,100,connected,PC-730
SW-ACCESS-20,FastEthernet0/16,200,100,down,SRV-75
SW-ACCESS-20,FastEthernet0/17,999,100,connected,PC-732
SW-ACCESS-20,FastEthernet0/18,100,100,connected,SRV-393
SW-ACCESS-20,FastEthernet0/19,200,100,connected,SRV-507
SW-ACCESS-20,FastEthernet0/20,999,100,error,Wire continuity error
SW-ACCESS-20,FastEthernet0/21,200,100,connected,SRV-973
SW-ACCESS-20,FastEthernet0/22,30,100,connected,PC-141
SW-ACCESS-20,FastEthernet0/23,20,100,connected,PC-88
SW-ACCESS-20,FastEthernet0/24,30,100,down,
SW-ACCESS-20,GigabitEthernet0/1,100,1000,connected,PATCH-1
SW-ACCESS-20,GigabitEthernet0/2,120,1000,down,PATCH-162
SW-ACCESS-20,GigabitEthernet0/3,20,1000,connected,PATCH-24
SW-ACCESS-20,GigabitEthernet0/4,10,1000,connected,PATCH-138
SW-ACCESS-21,FastEthernet0/1,120,100,connected,PC-861
SW-ACCESS-21,FastEthernet0/2,100,100,connected,PC-184
SW-ACCESS-21,FastEthernet0/3,10,100,connected,AP-163
SW-ACCESS-21,FastEthernet0/4,130,100,connected,AP-958
SW-ACCESS-21,FastEthernet0/5,200,100,connected,SRV-485
SW-ACCESS-21,FastEthernet0/6,20,100,connected,AP-893
SW-ACCESS-21,FastEthernet0/7,120,100,connected,SRV-532
SW-ACCESS-21,FastEthernet0/8,130,100,connected,PC-794
SW-ACCESS-21,FastEthernet0/9,20,100,error,Connection error
SW-ACCESS-21,FastEthernet0/10,120,100,connected,PC-173
SW-ACCESS-21,FastEthernet0/11,200,100,connected,PC-501
SW-ACCESS-21,FastEthernet0/12,120,100,connected,SRV-53
SW-ACCESS-21,FastEthernet0/13,120,100,error,Wire continuity error
SW-ACCESS-21,FastEthernet0/14,20,100,down,PC-638
SW-ACCESS-21,FastEthernet0/15,30,100,connected,SRV-306
SW-ACCESS-21,FastEthernet0/16,30,100,connected,SRV-97
SW-ACCESS-21,FastEthernet0/17,10,100,connected,SRV-388
SW-ACCESS-21,FastEthernet0/18,10,100,connected,AP-28
SW-ACCESS-21,FastEthernet0/19,110,100,connected,PC-612
SW-ACCESS-21,FastEthernet0/20,999,100,error,Connection error
SW-ACCESS-21,FastEthernet0/21,20,100,connected,AP-639
SW-ACCESS-21,FastEthernet0/22,20,100,down,PC-264
SW-ACCESS-21,FastEthernet0/23,100,100,connected,AP-661
SW-ACCESS-21,FastEthernet0/24,10,100,connected,PC-617
SW-ACCESS-21,GigabitEthernet0/1,110,1000,connected,PATCH-625
SW-ACCESS-21,GigabitEthernet0/2,110,1000,connected,PATCH-146
SW-ACCESS-21,GigabitEthernet0/3,30,1000,connected,PATCH-444
SW-ACCESS-21,GigabitEthernet0/4,130,1000,down,PATCH-416
SW-ACCESS-22,FastEthernet0/1,20,100,connected,SRV-179
SW-ACCESS-22,FastEthernet0/2,130,100,error,Connection error
SW-ACCESS-22,FastEthernet0/3,10,100,connected,SRV-862
SW-ACCESS-22,FastEthernet0/4,20,100,connected,SRV-97
SW-ACCESS-22,FastEthernet0/5,130,100,connected,
SW-ACCESS-22,FastEthernet0/6,130,100,connected,PC-191
SW-ACCESS-22,FastEthernet0/7,120,100,connected,SRV-66
SW-ACCESS-22,FastEthernet0/8,200,100,down,SRV-863
SW-ACCESS-22,FastEthernet0/9,120,100,connected,SRV-847
SW-ACCESS-22,FastEthernet0/10,20,100,connected,PC-459
SW-ACCESS-22,FastEthernet0/11,100,100,down,AP-301
SW-ACCESS-22,FastEthernet0/12,110,100,connected,SRV-889
SW-ACCESS-22,FastEthernet0/13,100,100,connected,PC-93
SW-ACCESS-22,FastEthernet0/14,20,100,connected,AP-486
SW-ACCESS-22,FastEthernet0/15,200,100,connected,
SW-ACCESS-22,FastEthernet0/16,20,100,error,Auto negotiation failed
SW-ACCESS-22,FastEthernet0/17,120,100,connected,AP-523
SW-ACCESS-22,FastEthernet0/18,10,100,connected,SRV-194
SW-ACCESS-22,FastEthernet0/19,110,100,error,Wire continuity error
SW-ACCESS-22,FastEthernet0/20,999,100,error,Auto negotiation failed
SW-ACCESS-22,FastEthernet0/21,10,100,connected,AP-598
SW-ACCESS-22,FastEthernet0/22,120,100,connected,SRV-513
SW-ACCESS-22,FastEthernet0/23,120,100,connected,
SW-ACCESS-22,FastEthernet0/24,20,100,connected,PC-984
SW-ACCESS-22,GigabitEthernet0/1,200,1000,connected,PATCH-30
SW-ACCESS-22,GigabitEthernet0/2,20,1000,connected,PATCH-577
SW-ACCESS-22,GigabitEthernet0/3,110,1000,connected,PATCH-67
SW-ACCESS-22,GigabitEthernet0/4,110,1000,error,Connection error
SW-ACCESS-23,FastEthernet0/1,120,100,connected,SRV-101
SW-ACCESS-23,FastEthernet0/2,20,100,connected,SRV-545
SW-ACCESS-23,FastEthernet0/3,20,100,connected,PC-566
SW-ACCESS-23,FastEthernet0/4,30,100,connected,SRV-183
SW-ACCESS-23,FastEthernet0/5,130,100,error,Wire continuity error
SW-ACCESS-23,FastEthernet0/6,999,100,down,PC-192
SW-ACCESS-23,FastEthernet0/7,100,100,connected,AP-765
SW-ACCESS-23,FastEthernet0/8,120,100,connected,PC-268
SW-ACCESS-23,FastEthernet0/9,130,100,connected,AP-580
SW-ACCESS-23,FastEthernet0/10,100,100,connected,SRV-478
SW-ACCESS-23,FastEthernet0/11,130,100,connected,SRV-302
SW-ACCESS-23,FastEthernet0/12,120,100,error,Connection error
SW-ACCESS-23,FastEthernet0/13,130,100,connected,SRV-324
SW-ACCESS-23,FastEthernet0/14,30,100,error,Connection error
SW-ACCESS-23,FastEthernet0/15,999,100,connected,PC-698
SW-ACCESS-23,FastEthernet0/16,20,100,connected,AP-725
SW-ACCESS-23,FastEthernet0/17,30,100,down,
SW-ACCESS-23,FastEthernet0/18,130,100,connected,AP-345
SW-ACCESS-23,FastEthernet0/19,130,100,down,PC-432
SW-ACCESS-23,FastEthernet0/20,20,100,connected,PC-752
SW-ACCESS-23,FastEthernet0/21,120,100,connected,AP-623
SW-ACCESS-23,FastEthernet0/22,100,100,connected,PC-476
SW-ACCESS-23,FastEthernet0/23,30,100,connected,SRV-315
SW-ACCESS-23,FastEthernet0/24,20,100,down,AP-480
SW-ACCESS-23,GigabitEthernet0/1,30,1000,connected,PATCH-223
SW-ACCESS-23,GigabitEthernet0/2,120,1000,error,Auto negotiation failed
SW-ACCESS-23,GigabitEthernet0/3,100,1000,down,PATCH-901
SW-ACCESS-23,GigabitEthernet0/4,100,1000,connected,PATCH-815
SW-ACCESS-24,FastEthernet0/1,200,100,error,Connection error
SW-ACCESS-24,FastEthernet0/2,30,100,connected,SRV-701
SW-ACCESS-24,FastEthernet0/3,120,100,connected,SRV-375
SW-ACCESS-24,FastEthernet0/4,20,100,connected,PC-100
SW-ACCESS-24,FastEthernet0/5,200,100,connected,AP-641
SW-ACCESS-24,FastEthernet0/6,30,100,connected,SRV-185
SW-ACCESS-24,FastEthernet0/7,10,100,connected,PC-624
SW-ACCESS-24,FastEthernet0/8,100,100,down,AP-261
SW-ACCESS-24,FastEthernet0/9,120,100,connected,SRV-759
SW-ACCESS-24,FastEthernet0/10,110,100,connected,SRV-665
SW-ACCESS-24,FastEthernet0/11,20,100,connected,SRV-134
SW-ACCESS-24,FastEthernet0/12,200,100,connected,
SW-ACCESS-24,FastEthernet0/13,30,100,connected,SRV-147
SW-ACCESS-24,FastEthernet0/14,110,100,connected,
SW-ACCESS-24,FastEthernet0/15,999,100,connected,SRV-157
SW-ACCESS-24,FastEthernet0/16,120,100,connected,PC-860
SW-ACCESS-24,FastEthernet0/17,130,100,connected,PC-611
SW-ACCESS-24,FastEthernet0/18,999,100,connected,PC-959
SW-ACCESS-24,FastEthernet0/19,200,100,connected,SRV-347
SW-ACCESS-24,FastEthernet0/20,20,100,connected,SRV-457
SW-ACCESS-24,FastEthernet0/21,110,100,connected,AP-247
SW-ACCESS-24,FastEthernet0/22,30,100,connected,PC-642
SW-ACCESS-24,FastEthernet0/23,200,100,down,
SW-ACCESS-24,FastEthernet0/24,120,100,down,PC-511
SW-ACCESS-24,GigabitEthernet0/1,100,1000,down,PATCH-429
SW-ACCESS-24,GigabitEthernet0/2,100,1000,connected,PATCH-150
SW-ACCESS-24,GigabitEthernet0/3,20,1000,down,PATCH-19
SW-ACCESS-24,GigabitEthernet0/4,200,1000,connected,PATCH-201
SW-ACCESS-25,FastEthernet0/1,110,100,connected,SRV-416
SW-ACCESS-25,FastEthernet0/2,999,100,connected,PC-394
SW-ACCESS-25,FastEthernet0/3,120,100,connected,
SW-ACCESS-25,FastEthernet0/4,200,100,connected,SRV-814
SW-ACCESS-25,FastEthernet0/5,20,100,connected,AP-695
SW-ACCESS-25,FastEthernet0/6,20,100,connected,SRV-670
SW-ACCESS-25,FastEthernet0/7,20,100,down,PC-861
SW-ACCESS-25,FastEthernet0/8,200,100,error,Auto negotiation failed
SW-ACCESS-25,FastEthernet0/9,130,100,connected,PC-560
SW-ACCESS-25,FastEthernet0/10,999,100,connected,SRV-330
SW-ACCESS-25,FastEthernet0/11,120,100,connected,AP-597
SW-ACCESS-25,FastEthernet0/12,200,100,connected,PC-783
SW-ACCESS-25,FastEthernet0/13,30,100,connected,AP-577
SW-ACCESS-25,FastEthernet0/14,110,100,connected,SRV-902
SW-ACCESS-25,FastEthernet0/15,999,100,connected,SRV-290
SW-ACCESS-25,FastEthernet0/16,100,100,connected,SRV-301
SW-ACCESS-25,FastEthernet0/17,200,100,connected,SRV-861
SW-ACCESS-25,FastEthernet0/18,20,100,connected,SRV-727
SW-ACCESS-25,FastEthernet0/19,130,100,connected,PC-926
SW-ACCESS-25,FastEthernet0/20,20,100,connected,AP-147
SW-ACCESS-25,FastEthernet0/21,100,100,down,
SW-ACCESS-25,FastEthernet0/22,999,100,connected,SRV-50
SW-ACCESS-25,FastEthernet0/23,30,100,connected,AP-90
SW-ACCESS-25,FastEthernet0/24,110,100,connected,PC-58
SW-ACCESS-25,GigabitEthernet0/1,130,1000,connected,PATCH-397
SW-ACCESS-25,GigabitEthernet0/2,200,1000,connected,PATCH-976
SW-ACCESS-25,GigabitEthernet0/3,30,1000,connected,PATCH-652
SW-ACCESS-25,GigabitEthernet0/4,100,1000,down,PATCH-371
SW-ACCESS-26,FastEthernet0/1,10,100,connected,SRV-380
SW-ACCESS-26,FastEthernet0/2,200,100,connected,SRV-69
SW-ACCESS-26,FastEthernet0/3,30,100,connected,PC-858
SW-ACCESS-26,FastEthernet0/4,200,100,down,SRV-733
SW-ACCESS-26,FastEthernet0/5,999,100,connected,AP-22
SW-ACCESS-26,FastEthernet0/6,120,100,connected,PC-39
SW-ACCESS-26,FastEthernet0/7,110,100,connected,AP-911
SW-ACCESS-26,FastEthernet0/8,30,100,error,Connection error
SW-ACCESS-26,FastEthernet0/9,10,100,connected,AP-252
SW-ACCESS-26,FastEthernet0/10,30,100,connected,AP-239
SW-ACCESS-26,FastEthernet0/11,30,100,connected,PC-988
SW-ACCESS-26,FastEthernet0/12,130,100,connected,SRV-299
SW-ACCESS-26,FastEthernet0/13,20,100,connected,AP-19
SW-ACCESS-26,FastEthernet0/14,100,100,error,Wire continuity error
SW-ACCESS-26,FastEthernet0/15,200,100,connected,SRV-308
SW-ACCESS-26,FastEthernet0/16,10,100,connected,PC-458
SW-ACCESS-26,FastEthernet0/17,130,100,connected,AP-656
SW-ACCESS-26,FastEthernet0/18,10,100,connected,AP-540
SW-ACCESS-26,FastEthernet0/19,120,100,connected,AP-223
SW-ACCESS-26,FastEthernet0/20,110,100,connected,SRV-870
SW-ACCESS-26,FastEthernet0/21,200,100,connected,SRV-590
SW-ACCESS-26,FastEthernet0/22,120,100,connected,SRV-941
SW-ACCESS-26,FastEthernet0/23,200,100,connected,AP-270
SW-ACCESS-26,FastEthernet0/24,20,100,connected,PC-633
SW-ACCESS-26,GigabitEthernet0/1,30,1000,down,PATCH-402
SW-ACCESS-26,GigabitEthernet0/2,10,1000,connected,PATCH-246
SW-ACCESS-26,GigabitEthernet0/3,120,1000,connected,PATCH-736
SW-ACCESS-26,GigabitEthernet0/4,110,1000,down,PATCH-62
SW-ACCESS-27,FastEthernet0/1,100,100,connected,PC-111
SW-ACCESS-27,FastEthernet0/2,110,100,down,SRV-314
SW-ACCESS-27,FastEthernet0/3,110,100,connected,AP-408
SW-ACCESS-27,FastEthernet0/4,30,100,connected,SRV-241
SW-ACCESS-27,FastEthernet0/5,20,100,connected,AP-854
SW-ACCESS-27,FastEthernet0/6,10,100,connected,PC-623
SW-ACCESS-27,FastEthernet0/7,200,100,connected,AP-417
SW-ACCESS-27,FastEthernet0/8,120,100,connected,AP-664
SW-ACCESS-27,FastEthernet0/9,110,100,connected,PC-93
SW-ACCESS-27,FastEthernet0/10,200,100,connected,SRV-325
SW-ACCESS-27,FastEthernet0/11,20,100,connected,PC-5
SW-ACCESS-27,FastEthernet0/12,110,100,connected,SRV-539
SW-ACCESS-27,FastEthernet0/13,999,100,connected,PC-941
SW-ACCESS-27,FastEthernet0/14,100,100,connected,AP-685
SW-ACCESS-27,FastEthernet0/15,130,100,connected,AP-667
SW-ACCESS-27,FastEthernet0/16,10,100,down,SRV-984
SW-ACCESS-27,FastEthernet0/17,999,100,connected,SRV-865
SW-ACCESS-27,FastEthernet0/18,20,100,connected,PC-396
SW-ACCESS-27,FastEthernet0/19,999,100,connected,SRV-521
SW-ACCESS-27,FastEthernet0/20,120,100,down,SRV-427
SW-ACCESS-27,FastEthernet0/21,20,100,connected,PC-580
SW-ACCESS-27,FastEthernet0/22,999,100,connected,AP-386
SW-ACCESS-27,FastEthernet0/23,999,100,connected,PC-30
SW-ACCESS-27,FastEthernet0/24,999,100,connected,AP-248
SW-ACCESS-27,GigabitEthernet0/1,120,1000,connected,PATCH-508
SW-ACCESS-27,GigabitEthernet0/2,130,1000,down,PATCH-869
SW-ACCESS-27,GigabitEthernet0/3,100,1000,connected,PATCH-792
SW-ACCESS-27,GigabitEthernet0/4,110,1000,connected,PATCH-973
SW-ACCESS-28,FastEthernet0/1,110,100,error,Wire continuity error
SW-ACCESS-28,FastEthernet0/2,120,100,connected,AP-972
SW-ACCESS-28,FastEthernet0/3,120,100,connected,PC-639
SW-ACCESS-28,FastEthernet0/4,999,100,connected,
SW-ACCESS-28,FastEthernet0/5,130,100,connected,AP-493
SW-ACCESS-28,FastEthernet0/6,130,100,connected,SRV-264
SW-ACCESS-28,FastEthernet0/7,120,100,connected,SRV-555
SW-ACCESS-28,FastEthernet0/8,30,100,connected,PC-473
SW-ACCESS-28,FastEthernet0/9,999,100,connected,SRV-144
SW-ACCESS-28,FastEthernet0/10,110,100,down,AP-516
SW-ACCESS-28,FastEthernet0/11,999,100,connected,PC-507
SW-ACCESS-28,FastEthernet0/12,30,100,connected,SRV-638
SW-ACCESS-28,FastEthernet0/13,999,100,down,AP-832
SW-ACCESS-28,FastEthernet0/14,130,100,connected,SRV-560
SW-ACCESS-28,FastEthernet0/15,110,100,connected,SRV-931
SW-ACCESS-28,FastEthernet0/16,20,100,connected,SRV-912
SW-ACCESS-28,FastEthernet0/17,20,100,connected,SRV-944
SW-ACCESS-28,FastEthernet0/18,200,100,connected,AP-353
SW-ACCESS-28,FastEthernet0/19,10,100,connected,AP-261
SW-ACCESS-28,FastEthernet0/20,10,100,connected,AP-307
SW-ACCESS-28,FastEthernet0/21,100,100,connected,PC-91
SW-ACCESS-28,FastEthernet0/22,110,100,connected,SRV-523
SW-ACCESS-28,FastEthernet0/23,120,100,connected,AP-300
SW-ACCESS-28,FastEthernet0/24,999,100,connected,PC-374
SW-ACCESS-28,GigabitEthernet0/1,30,1000,error,Connection error
SW-ACCESS-28,GigabitEthernet0/2,100,1000,connected,PATCH-164
SW-ACCESS-28,GigabitEthernet0/3,20,1000,connected,PATCH-338
SW-ACCESS-28,GigabitEthernet0/4,30,1000,connected,PATCH-885
SW-ACCESS-29,FastEthernet0/1,120,100,connected,PC-169
SW-ACCESS-29,FastEthernet0/2,130,100,down,SRV-649
SW-ACCESS-29,FastEthernet0/3,100,100,connected,AP-641
SW-ACCESS-29,FastEthernet0/4,20,100,connected,SRV-884
SW-ACCESS-29,FastEthernet0/5,30,100,error,Connection error
SW-ACCESS-29,FastEthernet0/6,10,100,connected,PC-62
SW-ACCESS-29,FastEthernet0/7,20,100,connected,AP-530
SW-ACCESS-29,FastEthernet0/8,200,100,connected,
SW-ACCESS-29,FastEthernet0/9,100,100,connected,AP-742
SW-ACCESS-29,FastEthernet0/10,110,100,connected,PC-616
SW-ACCESS-29,FastEthernet0/11,30,100,down,AP-967
SW-ACCESS-29,FastEthernet0/12,130,100,connected,AP-59
SW-ACCESS-29,FastEthernet0/13,120,100,connected,SRV-967
SW-ACCESS-29,FastEthernet0/14,100,100,connected,PC-635
SW-ACCESS-29,FastEthernet0/15,120,100,connected,PC-203
SW-ACCESS-29,FastEthernet0/16,200,100,error,Wire continuity error
SW-ACCESS-29,FastEthernet0/17,10,100,connected,AP-804
SW-ACCESS-29,FastEthernet0/18,20,100,connected,AP-201
SW-ACCESS-29,FastEthernet0/19,30,100,connected,PC-532
SW-ACCESS-29,FastEthernet0/20,30,100,connected,AP-994
SW-ACCESS-29,FastEthernet0/21,110,100,connected,AP-446
SW-ACCESS-29,FastEthernet0/22,110,100,connected,PC-793
SW-ACCESS-29,FastEthernet0/23,999,100,connected,AP-875
SW-ACCESS-29,FastEthernet0/24,120,100,connected,PC-164
SW-ACCESS-29,GigabitEthernet0/1,200,1000,connected,PATCH-245
SW-ACCESS-29,GigabitEthernet0/2,100,1000,down,PATCH-117
SW-ACCESS-29,GigabitEthernet0/3,100,1000,connected,PATCH-918
SW-ACCESS-29,GigabitEthernet0/4,120,1000,down,PATCH-621
SW-ACCESS-30,FastEthernet0/1,20,100,down,PC-31
SW-ACCESS-30,FastEthernet0/2,30,100,down,SRV-395
SW-ACCESS-30,FastEthernet0/3,120,100,connected,AP-147
SW-ACCESS-30,FastEthernet0/4,999,100,connected,PC-180
SW-ACCESS-30,FastEthernet0/5,110,100,connected,AP-742
SW-ACCESS-30,FastEthernet0/6,130,100,connected,PC-537
SW-ACCESS-30,FastEthernet0/7,120,100,connected,SRV-504
SW-ACCESS-30,FastEthernet0/8,200,100,down,
SW-ACCESS-30,FastEthernet0/9,20,100,connected,AP-138
SW-ACCESS-30,FastEthernet0/10,110,100,connected,PC-841
SW-ACCESS-30,FastEthernet0/11,100,100,connected,PC-535
SW-ACCESS-30,FastEthernet0/12,130,100,error,Auto negotiation failed
SW-ACCESS-30,FastEthernet0/13,120,100,connected,PC-465
SW-ACCESS-30,FastEthernet0/14,100,100,down,SRV-534
SW-ACCESS-30,FastEthernet0/15,10,100,connected,SRV-357
SW-ACCESS-30,FastEthernet0/16,10,100,down,AP-684
SW-ACCESS-30,FastEthernet0/17,10,100,error,Connection error
SW-ACCESS-30,FastEthernet0/18,120,100,connected,PC-856
SW-ACCESS-30,FastEthernet0/19,200,100,connected,PC-657
SW-ACCESS-30,FastEthernet0/20,130,100,connected,AP-100
SW-ACCESS-30,FastEthernet0/21,999,100,connected,AP-788
SW-ACCESS-30,FastEthernet0/22,100,100,connected,AP-174
SW-ACCESS-30,FastEthernet0/23,120,100,connected,SRV-881
SW-ACCESS-30,FastEthernet0/24,120,100,connected,SRV-603
SW-ACCESS-30,GigabitEthernet0/1,10,1000,connected,PATCH-938
SW-ACCESS-30,GigabitEthernet0/2,20,1000,connected,PATCH-472
SW-ACCESS-30,GigabitEthernet0/3,10,1000,connected,PATCH-181
SW-ACCESS-30,GigabitEthernet0/4,20,1000,connected,PATCH-598
SW-ACCESS-31,FastEthernet0/1,999,100,connected,SRV-320
SW-ACCESS-31,FastEthernet0/2,10,100,connected,PC-612
SW-ACCESS-31,FastEthernet0/3,30,100,connected,SRV-445
SW-ACCESS-31,FastEthernet0/4,10,100,connected,AP-90
SW-ACCESS-31,FastEthernet0/5,120,100,connected,PC-574
SW-ACCESS-31,FastEthernet0/6,100,100,connected,PC-404
SW-ACCESS-31,FastEthernet0/7,120,100,error,Wire continuity error
SW-ACCESS-31,FastEthernet0/8,30,100,connected,PC-166
SW-ACCESS-31,FastEthernet0/9,30,100,connected,AP-41
SW-ACCESS-31,FastEthernet0/10,10,100,connected,PC-773
SW-ACCESS-31,FastEthernet0/11,30,100,connected,AP-561
SW-ACCESS-31,FastEthernet0/12,130,100,down,AP-367
SW-ACCESS-31,FastEthernet0/13,100,100,connected,PC-461
SW-ACCESS-31,FastEthernet0/14,999,100,connected,AP-126
SW-ACCESS-31,FastEthernet0/15,10,100,connected,PC-917
SW-ACCESS-31,FastEthernet0/16,120,100,connected,PC-404
SW-ACCESS-31,FastEthernet0/17,10,100,connected,AP-876
SW-ACCESS-31,FastEthernet0/18,110,100,connected,SRV-278
SW-ACCESS-31,FastEthernet0/19,110,100,connected,AP-97
SW-ACCESS-31,FastEthernet0/20,20,100,connected,PC-851
SW-ACCESS-31,FastEthernet0/21,110,100,connected,PC-357
SW-ACCESS-31,FastEthernet0/22,120,100,connected,SRV-979
SW-ACCESS-31,FastEthernet0/23,999,100,connected,SRV-197
SW-ACCESS-31,FastEthernet0/24,10,100,connected,
SW-ACCESS-31,GigabitEthernet0/1,130,1000,connected,PATCH-596
SW-ACCESS-31,GigabitEthernet0/2,20,1000,connected,PATCH-242
SW-ACCESS-31,GigabitEthernet0/3,100,1000,connected,PATCH-828
SW-ACCESS-31,GigabitEthernet0/4,999,1000,connected,PATCH-516
SW-ACCESS-32,FastEthernet0/1,120,100,connected,SRV-192
SW-ACCESS-32,FastEthernet0/2,200,100,connected,PC-406
SW-ACCESS-32,FastEthernet0/3,200,100,connected,
SW-ACCESS-32,FastEthernet0/4,100,100,connected,AP-358
SW-ACCESS-32,FastEthernet0/5,100,100,connected,PC-422
SW-ACCESS-32,FastEthernet0/6,999,100,connected,SRV-259
SW-ACCESS-32,FastEthernet0/7,200,100,connected,AP-812
SW-ACCESS-32,FastEthernet0/8,120,100,down,SRV-121
SW-ACCESS-32,FastEthernet0/9,100,100,connected,
SW-ACCESS-32,FastEthernet0/10,100,100,error,Wire continuity error
SW-ACCESS-32,FastEthernet0/11,130,100,down,AP-925
SW-ACCESS-32,FastEthernet0/12,10,100,down,AP-617
SW-ACCESS-32,FastEthernet0/13,100,100,connected,AP-264
SW-ACCESS-32,FastEthernet0/14,10,100,down,SRV-948
SW-ACCESS-32,FastEthernet0/15,200,100,error,Auto negotiation failed
SW-ACCESS-32,FastEthernet0/16,100,100,connected,PC-948
SW-ACCESS-32,FastEthernet0/17,120,100,connected,SRV-921
SW-ACCESS-32,FastEthernet0/18,999,100,connected,AP-497
SW-ACCESS-32,FastEthernet0/19,130,100,connected,AP-632
SW-ACCESS-32,FastEthernet0/20,130,100,connected,PC-177
SW-ACCESS-32,FastEthernet0/21,10,100,connected,AP-455
SW-ACCESS-32,FastEthernet0/22,120,100,down,PC-370
SW-ACCESS-32,FastEthernet0/23,200,100,connected,AP-692
SW-ACCESS-32,FastEthernet0/24,10,100,connected,SRV-347
SW-ACCESS-32,GigabitEthernet0/1,10,1000,connected,PATCH-387
SW-ACCESS-32,GigabitEthernet0/2,200,1000,connected,PATCH-208
SW-ACCESS-32,GigabitEthernet0/3,110,1000,connected,PATCH-707
SW-ACCESS-32,GigabitEthernet0/4,130,1000,down,PATCH-729
SW-ACCESS-33,FastEthernet0/1,999,100,connected,PC-427
SW-ACCESS-33,FastEthernet0/2,10,100,connected,SRV-677
SW-ACCESS-33,FastEthernet0/3,130,100,connected,AP-739
SW-ACCESS-33,FastEthernet0/4,110,100,connected,AP-358
SW-ACCESS-33,FastEthernet0/5,130,100,connected,AP-308
SW-ACCESS-33,FastEthernet0/6,100,100,down,PC-213
SW-ACCESS-33,FastEthernet0/7,200,100,connected,PC-434
SW-ACCESS-33,FastEthernet0/8,130,100,connected,
SW-ACCESS-33,FastEthernet0/9,100,100,connected,SRV-492
SW-ACCESS-33,FastEthernet0/10,110,100,connected,SRV-823
SW-ACCESS-33,FastEthernet0/11,200,100,connected,SRV-151
SW-ACCESS-33,FastEthernet0/12,30,100,connected,
SW-ACCESS-33,FastEthernet0/13,999,100,connected,AP-7
SW-ACCESS-33,FastEthernet0/14,999,100,connected,SRV-357
SW-ACCESS-33,FastEthernet0/15,999,100,down,AP-142
SW-ACCESS-33,FastEthernet0/16,10,100,connected,SRV-699
SW-ACCESS-33,FastEthernet0/17,20,100,connected,SRV-591
SW-ACCESS-33,FastEthernet0/18,130,100,connected,AP-846
SW-ACCESS-33,FastEthernet0/19,30,100,connected,SRV-123
SW-ACCESS-33,FastEthernet0/20,20,100,down,SRV-977
SW-ACCESS-33,FastEthernet0/21,30,100,connected,SRV-599
SW-ACCESS-33,FastEthernet0/22,120,100,connected,AP-544
SW-ACCESS-33,FastEthernet0/23,100,100,connected,SRV-971
SW-ACCESS-33,FastEthernet0/24,110,100,connected,PC-36
SW-ACCESS-33,GigabitEthernet0/1,100,1000,connected,PATCH-304
SW-ACCESS-33,GigabitEthernet0/2,10,1000,error,Connection error
SW-ACCESS-33,GigabitEthernet0/3,200,1000,connected,PATCH-215
SW-ACCESS-33,GigabitEthernet0/4,100,1000,connected,PATCH-348
SW-ACCESS-34,FastEthernet0/1,120,100,connected,SRV-813
SW-ACCESS-34,FastEthernet0/2,130,100,connected,AP-612
SW-ACCESS-34,FastEthernet0/3,100,100,connected,AP-869
SW-ACCESS-34,FastEthernet0/4,200,100,down,AP-53
SW-ACCESS-34,FastEthernet0/5,110,100,connected,SRV-371
SW-ACCESS-34,FastEthernet0/6,110,100,connected,AP-899
SW-ACCESS-34,FastEthernet0/7,100,100,connected,SRV-789
SW-ACCESS-34,FastEthernet0/8,130,100,down,PC-516
SW-ACCESS-34,FastEthernet0/9,200,100,connected,AP-100
SW-ACCESS-34,FastEthernet0/10,30,100,connected,AP-626
SW-ACCESS-34,FastEthernet0/11,120,100,down,AP-737
SW-ACCESS-34,FastEthernet0/12,30,100,connected,SRV-313
SW-ACCESS-34,FastEthernet0/13,110,100,connected,SRV-894
SW-ACCESS-34,FastEthernet0/14,120,100,down,SRV-818
SW-ACCESS-34,FastEthernet0/15,20,100,connected,AP-928
SW-ACCESS-34,FastEthernet0/16,999,100,connected,AP-468
SW-ACCESS-34,FastEthernet0/17,200,100,connected,AP-809
SW-ACCESS-34,FastEthernet0/18,10,100,error,Connection error
SW-ACCESS-34,FastEthernet0/19,200,100,connected,AP-889
SW-ACCESS-34,FastEthernet0/20,999,100,connected,SRV-141
SW-ACCESS-34,FastEthernet0/21,130,100,connected,PC-278
SW-ACCESS-34,FastEthernet0/22,200,100,connected,PC-424
SW-ACCESS-34,FastEthernet0/23,200,100,down,PC-994
SW-ACCESS-34,FastEthernet0/24,120,100,error,Wire continuity error
SW-ACCESS-34,GigabitEthernet0/1,120,1000,connected,PATCH-195
SW-ACCESS-34,GigabitEthernet0/2,20,1000,connected,PATCH-294
SW-ACCESS-34,GigabitEthernet0/3,200,1000,connected,PATCH-971
SW-ACCESS-34,GigabitEthernet0/4,30,1000,error,Connection error
SW-ACCESS-35,FastEthernet0/1,200,100,down,PC-104
SW-ACCESS-35,FastEthernet0/2,20,100,down,AP-510
SW-ACCESS-35,FastEthernet0/3,120,100,down,PC-496
SW-ACCESS-35,FastEthernet0/4,120,100,connected,AP-921
SW-ACCESS-35,FastEthernet0/5,110,100,down,AP-792
SW-ACCESS-35,FastEthernet0/6,130,100,connected,SRV-407
SW-ACCESS-35,FastEthernet0/7,200,100,down,AP-230
SW-ACCESS-35,FastEthernet0/8,999,100,connected,PC-627
SW-ACCESS-35,FastEthernet0/9,10,100,connected,PC-539
SW-ACCESS-35,FastEthernet0/10,120,100,connected,SRV-813
SW-ACCESS-35,FastEthernet0/11,10,100,error,Connection error
SW-ACCESS-35,FastEthernet0/12,20,100,connected,PC-216
SW-ACCESS-35,FastEthernet0/13,110,100,connected,AP-730
SW-ACCESS-35,FastEthernet0/14,20,100,connected,
SW-ACCESS-35,FastEthernet0/15,10,100,connected,AP-830
SW-ACCESS-35,FastEthernet0/16,999,100,connected,SRV-985
SW-ACCESS-35,FastEthernet0/17,130,100,connected,PC-136
SW-ACCESS-35,FastEthernet0/18,999,100,error,Connection error
SW-ACCESS-35,FastEthernet0/19,120,100,down,SRV-903
SW-ACCESS-35,FastEthernet0/20,120,100,connected,AP-426
SW-ACCESS-35,FastEthernet0/21,120,100,connected,AP-833
SW-ACCESS-35,FastEthernet0/22,130,100,down,
SW-ACCESS-35,FastEthernet0/23,130,100,connected,PC-122
SW-ACCESS-35,FastEthernet0/24,100,100,error,Connection error
SW-ACCESS-35,GigabitEthernet0/1,120,1000,connected,PATCH-414
SW-ACCESS-35,GigabitEthernet0/2,200,1000,error,Wire continuity error
SW-ACCESS-35,GigabitEthernet0/3,100,1000,connected,PATCH-992
SW-ACCESS-35,GigabitEthernet0/4,10,1000,connected,PATCH-28
SW-ACCESS-36,FastEthernet0/1,120,100,connected,SRV-606
SW-ACCESS-36,FastEthernet0/2,10,100,connected,PC-261
SW-ACCESS-36,FastEthernet0/3,120,100,down,AP-138
SW-ACCESS-36,FastEthernet0/4,110,100,connected,PC-829
SW-ACCESS-36,FastEthernet0/5,100,100,down,SRV-881
SW-ACCESS-36,FastEthernet0/6,100,100,down,SRV-624
SW-ACCESS-36,FastEthernet0/7,10,100,down,PC-338
SW-ACCESS-36,FastEthernet0/8,20,100,down,PC-515
SW-ACCESS-36,FastEthernet0/9,130,100,down,AP-235
SW-ACCESS-36,FastEthernet0/10,130,100,connected,AP-139
SW-ACCESS-36,FastEthernet0/11,130,100,connected,PC-995
SW-ACCESS-36,FastEthernet0/12,100,100,connected,AP-442
SW-ACCESS-36,FastEthernet0/13,120,100,connected,SRV-368
SW-ACCESS-36,FastEthernet0/14,100,100,connected,PC-528
SW-ACCESS-36,FastEthernet0/15,120,100,connected,AP-206
SW-ACCESS-36,FastEthernet0/16,20,100,connected,AP-924
SW-ACCESS-36,FastEthernet0/17,110,100,connected,PC-20
SW-ACCESS-36,FastEthernet0/18,20,100,connected,AP-171
SW-ACCESS-36,FastEthernet0/19,10,100,down,PC-530
SW-ACCESS-36,FastEthernet0/20,20,100,connected,SRV-795
SW-ACCESS-36,FastEthernet0/21,200,100,connected,SRV-657
SW-ACCESS-36,FastEthernet0/22,130,100,down,
SW-ACCESS-36,FastEthernet0/23,999,100,connected,PC-419
SW-ACCESS-36,FastEthernet0/24,200,100,connected,SRV-985
SW-ACCESS-36,GigabitEthernet0/1,30,1000,error,Wire continuity error
SW-ACCESS-36,GigabitEthernet0/2,999,1000,error,Auto negotiation failed
SW-ACCESS-36,GigabitEthernet0/3,20,1000,connected,PATCH-974
SW-ACCESS-36,GigabitEthernet0/4,110,1000,connected,PATCH-300
SW-ACCESS-37,FastEthernet0/1,110,100,connected,SRV-838
SW-ACCESS-37,FastEthernet0/2,10,100,error,Connection error
SW-ACCESS-37,FastEthernet0/3,999,100,connected,AP-415
SW-ACCESS-37,FastEthernet0/4,130,100,down,AP-136
SW-ACCESS-37,FastEthernet0/5,100,100,connected,PC-729
SW-ACCESS-37,FastEthernet0/6,120,100,connected,PC-61
SW-ACCESS-37,FastEthernet0/7,200,100,connected,
SW-ACCESS-37,FastEthernet0/8,999,100,connected,SRV-191
SW-ACCESS-37,FastEthernet0/9,110,100,down,PC-938
SW-ACCESS-37,FastEthernet0/10,20,100,connected,
SW-ACCESS-37,FastEthernet0/11,200,100,connected,SRV-314
SW-ACCESS-37,FastEthernet0/12,30,100,connected,SRV-702
SW-ACCESS-37,FastEthernet0/13,130,100,connected,AP-292
SW-ACCESS-37,FastEthernet0/14,130,100,connected,AP-685
SW-ACCESS-37,FastEthernet0/15,100,100,error,Wire continuity error
SW-ACCESS-37,FastEthernet0/16,30,100,connected,
SW-ACCESS-37,FastEthernet0/17,10,100,connected,PC-803
SW-ACCESS-37,FastEthernet0/18,30,100,error,Wire continuity error
SW-ACCESS-37,FastEthernet0/19,120,100,down,SRV-64
SW-ACCESS-37,FastEthernet0/20,30,100,connected,AP-557
SW-ACCESS-37,FastEthernet0/21,120,100,connected,PC-443
SW-ACCESS-37,FastEthernet0/22,10,100,down,SRV-497
SW-ACCESS-37,FastEthernet0/23,120,100,down,AP-620
SW-ACCESS-37,FastEthernet0/24,200,100,connected,AP-503
SW-ACCESS-37,GigabitEthernet0/1,20,1000,connected,PATCH-991
SW-ACCESS-37,GigabitEthernet0/2,110,1000,connected,PATCH-240
SW-ACCESS-37,GigabitEthernet0/3,110,1000,connected,PATCH-406
SW-ACCESS-37,GigabitEthernet0/4,20,1000,connected,PATCH-520
SW-ACCESS-38,FastEthernet0/1,999,100,error,Wire continuity error
SW-ACCESS-38,FastEthernet0/2,999,100,connected,AP-333
SW-ACCESS-38,FastEthernet0/3,10,100,connected,PC-839
SW-ACCESS-38,FastEthernet0/4,10,100,connected,PC-381
SW-ACCESS-38,FastEthernet0/5,20,100,down,
SW-ACCESS-38,FastEthernet0/6,200,100,connected,PC-281
SW-ACCESS-38,FastEthernet0/7,999,100,connected,PC-967
SW-ACCESS-38,FastEthernet0/8,20,100,connected,AP-646
SW-ACCESS-38,FastEthernet0/9,100,100,connected,SRV-631
SW-ACCESS-38,FastEthernet0/10,30,100,error,Connection error
SW-ACCESS-38,FastEthernet0/11,10,100,connected,SRV-102
SW-ACCESS-38,FastEthernet0/12,120,100,connected,SRV-949
SW-ACCESS-38,FastEthernet0/13,10,100,connected,PC-269
SW-ACCESS-38,FastEthernet0/14,200,100,connected,SRV-41
SW-ACCESS-38,FastEthernet0/15,130,100,connected,AP-752
SW-ACCESS-38,FastEthernet0/16,30,100,connected,PC-706
SW-ACCESS-38,FastEthernet0/17,20,100,error,Auto negotiation failed
SW-ACCESS-38,FastEthernet0/18,20,100,connected,PC-838
SW-ACCESS-38,FastEthernet0/19,20,100,connected,PC-163
SW-ACCESS-38,FastEthernet0/20,100,100,down,SRV-467
SW-ACCESS-38,FastEthernet0/21,100,100,connected,SRV-359
SW-ACCESS-38,FastEthernet0/22,110,100,connected,AP-730
SW-ACCESS-38,FastEthernet0/23,20,100,down,AP-800
SW-ACCESS-38,FastEthernet0/24,110,100,connected,SRV-262
SW-ACCESS-38,GigabitEthernet0/1,10,1000,connected,PATCH-14
SW-ACCESS-38,GigabitEthernet0/2,30,1000,error,Connection error
SW-ACCESS-38,GigabitEthernet0/3,10,1000,connected,PATCH-86
SW-ACCESS-38,GigabitEthernet0/4,20,1000,connected,PATCH-699
SW-ACCESS-39,FastEthernet0/1,110,100,connected,SRV-760
SW-ACCESS-39,FastEthernet0/2,110,100,connected,
SW-ACCESS-39,FastEthernet0/3,130,100,down,PC-339
SW-ACCESS-39,FastEthernet0/4,999,100,connected,PC-528
SW-ACCESS-39,FastEthernet0/5,100,100,connected,PC-167
SW-ACCESS-39,FastEthernet0/6,30,100,connected,SRV-747
SW-ACCESS-39,FastEthernet0/7,999,100,connected,AP-547
SW-ACCESS-39,FastEthernet0/8,100,100,connected,AP-454
SW-ACCESS-39,FastEthernet0/9,30,100,down,AP-950
SW-ACCESS-39,FastEthernet0/10,120,100,down,
SW-ACCESS-39,FastEthernet0/11,999,100,connected,AP-654
SW-ACCESS-39,FastEthernet0/12,110,100,connected,SRV-64
SW-ACCESS-39,FastEthernet0/13,20,100,connected,SRV-670
SW-ACCESS-39,FastEthernet0/14,120,100,error,Connection error
SW-ACCESS-39,FastEthernet0/15,20,100,connected,
SW-ACCESS-39,FastEthernet0/16,110,100,down,SRV-655
SW-ACCESS-39,FastEthernet0/17,110,100,down,SRV-156
SW-ACCESS-39,FastEthernet0/18,200,100,connected,AP-378
SW-ACCESS-39,FastEthernet0/19,100,100,connected,SRV-289
SW-ACCESS-39,FastEthernet0/20,120,100,connected,SRV-90
SW-ACCESS-39,FastEthernet0/21,120,100,connected,AP-788
SW-ACCESS-39,FastEthernet0/22,120,100,connected,SRV-852
SW-ACCESS-39,FastEthernet0/23,10,100,connected,PC-340
SW-ACCESS-39,FastEthernet0/24,20,100,connected,PC-778
SW-ACCESS-39,GigabitEthernet0/1,10,1000,connected,PATCH-682
SW-ACCESS-39,GigabitEthernet0/2,100,1000,connected,PATCH-434
SW-ACCESS-39,GigabitEthernet0/3,130,1000,down,PATCH-671
SW-ACCESS-39,GigabitEthernet0/4,120,1000,connected,PATCH-304
SW-ACCESS-40,FastEthernet0/1,20,100,connected,PC-136
SW-ACCESS-40,FastEthernet0/2,110,100,connected,AP-867
SW-ACCESS-40,FastEthernet0/3,200,100,connected,SRV-944
SW-ACCESS-40,FastEthernet0/4,120,100,down,PC-625
SW-ACCESS-40,FastEthernet0/5,100,100,error,Wire continuity error
SW-ACCESS-40,FastEthernet0/6,110,100,connected,PC-264
SW-ACCESS-40,FastEthernet0/7,200,100,connected,AP-785
SW-ACCESS-40,FastEthernet0/8,20,100,connected,PC-574
SW-ACCESS-40,FastEthernet0/9,130,100,connected,PC-562
SW-ACCESS-40,FastEthernet0/10,100,100,connected,AP-495
SW-ACCESS-40,FastEthernet0/11,100,100,connected,PC-869
SW-ACCESS-40,FastEthernet0/12,20,100,connected,SRV-731
SW-ACCESS-40,FastEthernet0/13,20,100,down,SRV-825
SW-ACCESS-40,FastEthernet0/14,130,100,connected,SRV-622
SW-ACCESS-40,FastEthernet0/15,999,100,connected,PC-570
SW-ACCESS-40,FastEthernet0/16,200,100,connected,SRV-569
SW-ACCESS-40,FastEthernet0/17,10,100,connected,AP-972
SW-ACCESS-40,FastEthernet0/18,200,100,connected,SRV-588
SW-ACCESS-40,FastEthernet0/19,130,100,connected,PC-103
SW-ACCESS-40,FastEthernet0/20,100,100,connected,PC-233
SW-ACCESS-40,FastEthernet0/21,110,100,down,PC-198
SW-ACCESS-40,FastEthernet0/22,110,100,error,Auto negotiation failed
SW-ACCESS-40,FastEthernet0/23,20,100,connected,SRV-330
SW-ACCESS-40,FastEthernet0/24,999,100,down,AP-882
SW-ACCESS-40,GigabitEthernet0/1,120,1000,connected,PATCH-244
SW-ACCESS-40,GigabitEthernet0/2,100,1000,connected,PATCH-596
SW-ACCESS-40,GigabitEthernet0/3,200,1000,connected,PATCH-771
SW-ACCESS-40,GigabitEthernet0/4,200,1000,connected,PATCH-606
SW-ACCESS-41,FastEthernet0/1,130,100,connected,AP-798
SW-ACCESS-41,FastEthernet0/2,120,100,connected,SRV-347
SW-ACCESS-41,FastEthernet0/3,100,100,connected,
SW-ACCESS-41,FastEthernet0/4,200,100,connected,SRV-258
SW-ACCESS-41,FastEthernet0/5,130,100,connected,SRV-455
SW-ACCESS-41,FastEthernet0/6,10,100,connected,PC-200
SW-ACCESS-41,FastEthernet0/7,130,100,connected,AP-809
SW-ACCESS-41,FastEthernet0/8,100,100,connected,SRV-304
SW-ACCESS-41,FastEthernet0/9,110,100,connected,AP-753
SW-ACCESS-41,FastEthernet0/10,30,100,connected,SRV-252
SW-ACCESS-41,FastEthernet0/11,200,100,connected,AP-225
SW-ACCESS-41,FastEthernet0/12,110,100,connected,AP-693
SW-ACCESS-41,FastEthernet0/13,30,100,connected,AP-736
SW-ACCESS-41,FastEthernet0/14,130,100,down,AP-832
SW-ACCESS-41,FastEthernet0/15,200,100,error,Wire continuity error
SW-ACCESS-41,FastEthernet0/16,120,100,connected,SRV-607
SW-ACCESS-41,FastEthernet0/17,130,100,connected,AP-275
SW-ACCESS-41,FastEthernet0/18,20,100,connected,PC-967
SW-ACCESS-41,FastEthernet0/19,200,100,connected,SRV-799
SW-ACCESS-41,FastEthernet0/20,100,100,connected,PC-965
SW-ACCESS-41,FastEthernet0/21,110,100,connected,PC-867
SW-ACCESS-41,FastEthernet0/22,30,100,connected,SRV-95
SW-ACCESS-41,FastEthernet0/23,120,100,connected,SRV-260
SW-ACCESS-41,FastEthernet0/24,110,100,connected,AP-414
SW-ACCESS-41,GigabitEthernet0/1,10,1000,connected,
SW-ACCESS-41,GigabitEthernet0/2,100,1000,connected,PATCH-668
SW-ACCESS-41,GigabitEthernet0/3,130,1000,connected,PATCH-662
SW-ACCESS-41,GigabitEthernet0/4,130,1000,connected,PATCH-297
SW-ACCESS-42,FastEthernet0/1,200,100,connected,AP-829
SW-ACCESS-42,FastEthernet0/2,20,100,connected,SRV-118
SW-ACCESS-42,FastEthernet0/3,120,100,connected,AP-39
SW-ACCESS-42,FastEthernet0/4,200,100,connected,PC-483
SW-ACCESS-42,FastEthernet0/5,999,100,connected,PC-766
SW-ACCESS-42,FastEthernet0/6,30,100,down,SRV-571
SW-ACCESS-42,FastEthernet0/7,30,100,connected,AP-345
SW-ACCESS-42,FastEthernet0/8,999,100,connected,SRV-322
SW-ACCESS-42,FastEthernet0/9,10,100,error,Connection error
SW-ACCESS-42,FastEthernet0/10,100,100,connected,SRV-881
SW-ACCESS-42,FastEthernet0/11,30,100,connected,AP-123
SW-ACCESS-42,FastEthernet0/12,30,100,connected,PC-901
SW-ACCESS-42,FastEthernet0/13,130,100,connected,AP-980
SW-ACCESS-42,FastEthernet0/14,200,100,connected,AP-280
SW-ACCESS-42,FastEthernet0/15,130,100,connected,PC-91
SW-ACCESS-42,FastEthernet0/16,20,100,connected,AP-558
SW-ACCESS-42,FastEthernet0/17,100,100,connected,SRV-119
SW-ACCESS-42,FastEthernet0/18,130,100,connected,PC-86
SW-ACCESS-42,FastEthernet0/19,100,100,connected,SRV-254
SW-ACCESS-42,FastEthernet0/20,100,100,connected,SRV-827
SW-ACCESS-42,FastEthernet0/21,200,100,connected,PC-426
SW-ACCESS-42,FastEthernet0/22,10,100,connected,PC-334
SW-ACCESS-42,FastEthernet0/23,30,100,down,PC-52
SW-ACCESS-42,FastEthernet0/24,130,100,connected,PC-510
SW-ACCESS-42,GigabitEthernet0/1,100,1000,connected,PATCH-210
SW-ACCESS-42,GigabitEthernet0/2,130,1000,connected,PATCH-152
SW-ACCESS-42,GigabitEthernet0/3,999,1000,error,Wire continuity error
SW-ACCESS-42,GigabitEthernet0/4,200,1000,connected,PATCH-546
SW-ACCESS-43,FastEthernet0/1,110,100,connected,PC-207
SW-ACCESS-43,FastEthernet0/2,999,100,connected,AP-2
SW-ACCESS-43,FastEthernet0/3,130,100,connected,
SW-ACCESS-43,FastEthernet0/4,10,100,connected,PC-94
SW-ACCESS-43,FastEthernet0/5,10,100,down,SRV-698
SW-ACCESS-43,FastEthernet0/6,100,100,connected,PC-983
SW-ACCESS-43,FastEthernet0/7,10,100,connected,AP-751
SW-ACCESS-43,FastEthernet0/8,20,100,connected,PC-203
SW-ACCESS-43,FastEthernet0/9,20,100,connected,SRV-18
SW-ACCESS-43,FastEthernet0/10,999,100,connected,AP-385
SW-ACCESS-43,FastEthernet0/11,999,100,connected,PC-51
SW-ACCESS-43,FastEthernet0/12,30,100,connected,
SW-ACCESS-43,FastEthernet0/13,130,100,connected,SRV-488
SW-ACCESS-43,FastEthernet0/14,130,100,connected,PC-682
SW-ACCESS-43,FastEthernet0/15,130,100,connected,SRV-471
SW-ACCESS-43,FastEthernet0/16,120,100,connected,AP-710
SW-ACCESS-43,FastEthernet0/17,20,100,connected,PC-679
SW-ACCESS-43,FastEthernet0/18,200,100,connected,SRV-523
SW-ACCESS-43,FastEthernet0/19,120,100,connected,SRV-438
SW-ACCESS-43,FastEthernet0/20,10,100,down,AP-81
SW-ACCESS-43,FastEthernet0/21,200,100,connected,AP-122
SW-ACCESS-43,FastEthernet0/22,110,100,connected,SRV-720
SW-ACCESS-43,FastEthernet0/23,20,100,connected,SRV-811
SW-ACCESS-43,FastEthernet0/24,100,100,down,PC-951
SW-ACCESS-43,GigabitEthernet0/1,130,1000,error,Wire continuity error
SW-ACCESS-43,GigabitEthernet0/2,120,1000,connected,PATCH-672
SW-ACCESS-43,GigabitEthernet0/3,130,1000,connected,PATCH-984
SW-ACCESS-43,GigabitEthernet0/4,110,1000,connected,PATCH-643
SW-ACCESS-44,FastEthernet0/1,999,100,connected,AP-698
SW-ACCESS-44,FastEthernet0/2,999,100,connected,AP-425
SW-ACCESS-44,FastEthernet0/3,200,100,connected,PC-47
SW-ACCESS-44,FastEthernet0/4,20,100,connected,AP-902
SW-ACCESS-44,FastEthernet0/5,200,100,connected,AP-427
SW-ACCESS-44,FastEthernet0/6,30,100,connected,PC-340
SW-ACCESS-44,FastEthernet0/7,10,100,connected,AP-400
SW-ACCESS-44,FastEthernet0/8,100,100,connected,PC-331
SW-ACCESS-44,FastEthernet0/9,110,100,connected,AP-832
SW-ACCESS-44,FastEthernet0/10,999,100,down,AP-94
SW-ACCESS-44,FastEthernet0/11,30,100,connected,AP-982
SW-ACCESS-44,FastEthernet0/12,110,100,connected,AP-701
SW-ACCESS-44,FastEthernet0/13,100,100,connected,SRV-597
SW-ACCESS-44,FastEthernet0/14,10,100,connected,SRV-741
SW-ACCESS-44,FastEthernet0/15,10,100,down,PC-128
SW-ACCESS-44,FastEthernet0/16,10,100,down,SRV-324
SW-ACCESS-44,FastEthernet0/17,110,100,connected,SRV-688
SW-ACCESS-44,FastEthernet0/18,10,100,down,PC-740
SW-ACCESS-44,FastEthernet0/19,30,100,down,SRV-279
SW-ACCESS-44,FastEthernet0/20,130,100,connected,PC-839
SW-ACCESS-44,FastEthernet0/21,120,100,connected,PC-890
SW-ACCESS-44,FastEthernet0/22,110,100,connected,SRV-681
SW-ACCESS-44,FastEthernet0/23,20,100,connected,PC-68
SW-ACCESS-44,FastEthernet0/24,130,100,error,Wire continuity error
SW-ACCESS-44,GigabitEthernet0/1,110,1000,connected,PATCH-570
SW-ACCESS-44,GigabitEthernet0/2,999,1000,error,Auto negotiation failed
SW-ACCESS-44,GigabitEthernet0/3,10,1000,connected,PATCH-634
SW-ACCESS-44,GigabitEthernet0/4,120,1000,connected,PATCH-423
SW-ACCESS-45,FastEthernet0/1,100,100,connected,AP-686
SW-ACCESS-45,FastEthernet0/2,20,100,connected,SRV-480
SW-ACCESS-45,FastEthernet0/3,120,100,connected,PC-827
SW-ACCESS-45,FastEthernet0/4,130,100,down,PC-678
SW-ACCESS-45,FastEthernet0/5,110,100,connected,PC-463
SW-ACCESS-45,FastEthernet0/6,200,100,connected,SRV-603
SW-ACCESS-45,FastEthernet0/7,110,100,connected,AP-895
SW-ACCESS-45,FastEthernet0/8,100,100,connected,
SW-ACCESS-45,FastEthernet0/9,110,100,connected,AP-834
SW-ACCESS-45,FastEthernet0/10,110,100,connected,PC-882
SW-ACCESS-45,FastEthernet0/11,100,100,error,Wire continuity error
SW-ACCESS-45,FastEthernet0/12,999,100,connected,PC-618
SW-ACCESS-45,FastEthernet0/13,130,100,connected,SRV-944
SW-ACCESS-45,FastEthernet0/14,200,100,connected,SRV-29
SW-ACCESS-45,FastEthernet0/15,10,100,down,AP-201
SW-ACCESS-45,FastEthernet0/16,130,100,down,PC-665
SW-ACCESS-45,FastEthernet0/17,100,100,connected,PC-90
SW-ACCESS-45,FastEthernet0/18,110,100,connected,AP-206
SW-ACCESS-45,FastEthernet0/19,20,100,connected,PC-957
SW-ACCESS-45,FastEthernet0/20,20,100,connected,AP-541
SW-ACCESS-45,FastEthernet0/21,130,100,down,AP-304
SW-ACCESS-45,FastEthernet0/22,20,100,connected,PC-700
SW-ACCESS-45,FastEthernet0/23,120,100,down,PC-916
SW-ACCESS-45,FastEthernet0/24,10,100,connected,SRV-791
SW-ACCESS-45,GigabitEthernet0/1,110,1000,error,Connection error
SW-ACCESS-45,GigabitEthernet0/2,30,1000,connected,PATCH-345
SW-ACCESS-45,GigabitEthernet0/3,999,1000,connected,PATCH-745
SW-ACCESS-45,GigabitEthernet0/4,20,1000,connected,PATCH-382
SW-ACCESS-46,FastEthernet0/1,120,100,connected,AP-725
SW-ACCESS-46,FastEthernet0/2,999,100,connected,PC-555
SW-ACCESS-46,FastEthernet0/3,100,100,connected,AP-882
SW-ACCESS-46,FastEthernet0/4,110,100,connected,AP-492
SW-ACCESS-46,FastEthernet0/5,20,100,connected,AP-934
SW-ACCESS-46,FastEthernet0/6,120,100,connected,SRV-322
SW-ACCESS-46,FastEthernet0/7,20,100,connected,PC-768
SW-ACCESS-46,FastEthernet0/8,200,100,connected,PC-344
SW-ACCESS-46,FastEthernet0/9,120,100,connected,PC-727
SW-ACCESS-46,FastEthernet0/10,200,100,connected,PC-321
SW-ACCESS-46,FastEthernet0/11,20,100,connected,SRV-162
SW-ACCESS-46,FastEthernet0/12,200,100,connected,
SW-ACCESS-46,FastEthernet0/13,120,100,connected,AP-618
SW-ACCESS-46,FastEthernet0/14,20,100,connected,AP-435
SW-ACCESS-46,FastEthernet0/15,110,100,connected,PC-629
SW-ACCESS-46,FastEthernet0/16,110,100,connected,PC-552
SW-ACCESS-46,FastEthernet0/17,130,100,connected,SRV-547
SW-ACCESS-46,FastEthernet0/18,999,100,down,AP-375
SW-ACCESS-46,FastEthernet0/19,110,100,connected,SRV-768
SW-ACCESS-46,FastEthernet0/20,130,100,connected,PC-966
SW-ACCESS-46,FastEthernet0/21,110,100,connected,PC-762
SW-ACCESS-46,FastEthernet0/22,110,100,connected,AP-622
SW-ACCESS-46,FastEthernet0/23,110,100,connected,SRV-303
SW-ACCESS-46,FastEthernet0/24,130,100,down,AP-413
SW-ACCESS-46,GigabitEthernet0/1,110,1000,connected,PATCH-607
SW-ACCESS-46,GigabitEthernet0/2,100,1000,connected,PATCH-165
SW-ACCESS-46,GigabitEthernet0/3,30,1000,connected,PATCH-118
SW-ACCESS-46,GigabitEthernet0/4,20,1000,connected,PATCH-203
SW-ACCESS-47,FastEthernet0/1,200,100,connected,PC-141
SW-ACCESS-47,FastEthernet0/2,110,100,connected,SRV-936
SW-ACCESS-47,FastEthernet0/3,120,100,down,AP-814
SW-ACCESS-47,FastEthernet0/4,20,100,connected,AP-455
SW-ACCESS-47,FastEthernet0/5,110,100,down,SRV-714
SW-ACCESS-47,FastEthernet0/6,100,100,connected,
SW-ACCESS-47,FastEthernet0/7,120,100,connected,AP-934
SW-ACCESS-47,FastEthernet0/8,120,100,connected,PC-444
SW-ACCESS-47,FastEthernet0/9,100,100,connected,AP-992
SW-ACCESS-47,FastEthernet0/10,120,100,connected,PC-247
SW-ACCESS-47,FastEthernet0/11,120,100,down,SRV-848
SW-ACCESS-47,FastEthernet0/12,999,100,connected,AP-651
SW-ACCESS-47,FastEthernet0/13,30,100,connected,AP-795
SW-ACCESS-47,FastEthernet0/14,100,100,connected,SRV-1
SW-ACCESS-47,FastEthernet0/15,100,100,down,SRV-333
SW-ACCESS-47,FastEthernet0/16,999,100,connected,SRV-409
SW-ACCESS-47,FastEthernet0/17,200,100,connected,PC-632
SW-ACCESS-47,FastEthernet0/18,20,100,connected,PC-347
SW-ACCESS-47,FastEthernet0/19,200,100,down,PC-176
SW-ACCESS-47,FastEthernet0/20,130,100,connected,PC-202
SW-ACCESS-47,FastEthernet0/21,130,100,error,Wire continuity error
SW-ACCESS-47,FastEthernet0/22,10,100,connected,PC-282
SW-ACCESS-47,FastEthernet0/23,999,100,down,PC-127
SW-ACCESS-47,FastEthernet0/24,200,100,down,AP-513
SW-ACCESS-47,GigabitEthernet0/1,120,1000,connected,PATCH-743
SW-ACCESS-47,GigabitEthernet0/2,999,1000,connected,PATCH-657
SW-ACCESS-47,GigabitEthernet0/3,100,1000,connected,PATCH-685
SW-ACCESS-47,GigabitEthernet0/4,120,1000,connected,PATCH-627
SW-ACCESS-48,FastEthernet0/1,100,100,connected,SRV-580
SW-ACCESS-48,FastEthernet0/2,30,100,connected,PC-670
SW-ACCESS-48,FastEthernet0/3,20,100,connected,AP-794
SW-ACCESS-48,FastEthernet0/4,10,100,connected,
SW-ACCESS-48,FastEthernet0/5,200,100,connected,AP-577
SW-ACCESS-48,FastEthernet0/6,20,100,connected,SRV-207
SW-ACCESS-48,FastEthernet0/7,10,100,connected,AP-446
SW-ACCESS-48,FastEthernet0/8,110,100,connected,PC-902
SW-ACCESS-48,FastEthernet0/9,130,100,connected,PC-708
SW-ACCESS-48,FastEthernet0/10,110,100,connected,PC-285
SW-ACCESS-48,FastEthernet0/11,10,100,down,AP-59
SW-ACCESS-48,FastEthernet0/12,30,100,connected,AP-73
SW-ACCESS-48,FastEthernet0/13,20,100,connected,AP-486
SW-ACCESS-48,FastEthernet0/14,120,100,connected,AP-245
SW-ACCESS-48,FastEthernet0/15,120,100,connected,PC-188
SW-ACCESS-48,FastEthernet0/16,100,100,down,AP-240
SW-ACCESS-48,FastEthernet0/17,130,100,down,AP-263
SW-ACCESS-48,FastEthernet0/18,30,100,connected,AP-440
SW-ACCESS-48,FastEthernet0/19,120,100,down,SRV-766
SW-ACCESS-48,FastEthernet0/20,10,100,connected,AP-104
SW-ACCESS-48,FastEthernet0/21,110,100,connected,AP-367
SW-ACCESS-48,FastEthernet0/22,130,100,connected,SRV-593
SW-ACCESS-48,FastEthernet0/23,10,100,connected,PC-186
SW-ACCESS-48,FastEthernet0/24,999,100,connected,SRV-410
SW-ACCESS-48,GigabitEthernet0/1,110,1000,connected,PATCH-71
SW-ACCESS-48,GigabitEthernet0/2,30,1000,down,PATCH-36
SW-ACCESS-48,GigabitEthernet0/3,10,1000,connected,PATCH-683
SW-ACCESS-48,GigabitEthernet0/4,200,1000,connected,PATCH-901